date,line,station,passengers_weekday,passengers_weekend,total_passengers,incidents_reported,avg_delay_minutes,satisfaction_score,operating_hours,trains_in_service
2024-01-01,Linha 1 - Azul,Estação Central,142265,55549,822423,2,8.4,6.8,20,40
2024-01-01,Linha 1 - Azul,Praça da Sé,218218,88751,1268592,8,12.4,6.3,19,25
2024-01-01,Linha 1 - Azul,Paulista,220774,120338,1344546,1,11.9,8.3,18,20
2024-01-01,Linha 1 - Azul,Consolação,101285,40595,587615,3,9.0,7.1,20,37
2024-01-01,Linha 1 - Azul,Tatuapé,91333,38142,532949,5,11.8,7.3,20,27
2024-01-01,Linha 1 - Azul,Brooklin,387474,190826,2319022,2,7.8,7.2,18,30
2024-01-01,Linha 1 - Azul,Pinheiros,112201,40309,641623,4,8.9,8.0,19,18
2024-01-01,Linha 1 - Azul,Santana,307287,126533,1789501,6,10.8,6.7,18,21
2024-01-01,Linha 1 - Azul,Liberdade,60916,26344,357268,4,5.9,8.0,19,17
2024-01-01,Linha 1 - Azul,Butantã,222001,86245,1282495,3,5.9,7.8,20,26
2024-01-01,Linha 2 - Verde,Estação Central,345851,181009,2091273,7,3.5,7.3,18,25
2024-01-01,Linha 2 - Verde,Praça da Sé,120623,53312,709739,7,4.5,7.5,20,44
2024-01-01,Linha 2 - Verde,Paulista,301950,149582,1808914,6,6.2,7.6,18,35
2024-01-01,Linha 2 - Verde,Consolação,405814,200355,2429780,1,10.2,7.5,18,17
2024-01-01,Linha 2 - Verde,Tatuapé,72025,37943,436011,1,8.2,6.6,18,16
2024-01-01,Linha 2 - Verde,Brooklin,333076,168524,2002428,0,2.7,7.1,19,43
2024-01-01,Linha 2 - Verde,Pinheiros,208756,91874,1227528,5,6.1,6.2,19,21
2024-01-01,Linha 2 - Verde,Santana,234299,90986,1353467,7,8.9,7.5,20,43
2024-01-01,Linha 2 - Verde,Liberdade,133300,47175,760850,5,4.3,7.6,20,32
2024-01-01,Linha 2 - Verde,Butantã,391322,165795,2288200,6,9.1,7.2,19,30
2024-01-01,Linha 3 - Vermelha,Estação Central,328916,143280,1931140,5,11.3,7.9,18,23
2024-01-01,Linha 3 - Vermelha,Praça da Sé,198337,80133,1151951,4,5.3,6.7,20,37
2024-01-01,Linha 3 - Vermelha,Paulista,324818,157140,1938370,1,8.6,7.3,19,32
2024-01-01,Linha 3 - Vermelha,Consolação,323613,140245,1898555,2,7.9,6.8,19,35
2024-01-01,Linha 3 - Vermelha,Tatuapé,275790,109475,1597900,4,8.6,7.1,19,39
2024-01-01,Linha 3 - Vermelha,Brooklin,292111,139391,1739337,4,3.4,7.9,18,35
2024-01-01,Linha 3 - Vermelha,Pinheiros,189010,92118,1129286,1,5.2,7.0,18,22
2024-01-01,Linha 3 - Vermelha,Santana,141936,51654,812988,3,4.2,8.3,19,36
2024-01-01,Linha 3 - Vermelha,Liberdade,184741,102205,1128115,3,5.6,8.0,20,44
2024-01-01,Linha 3 - Vermelha,Butantã,399835,154262,2307699,5,10.7,7.4,19,20
2024-01-01,Linha 4 - Amarela,Estação Central,383423,182935,2282985,7,9.6,6.9,20,45
2024-01-01,Linha 4 - Amarela,Praça da Sé,293189,110548,1687041,3,7.0,7.0,20,30
2024-01-01,Linha 4 - Amarela,Paulista,199180,99106,1194112,1,4.7,8.1,20,33
2024-01-01,Linha 4 - Amarela,Consolação,365260,210812,2247924,8,6.8,7.9,20,21
2024-01-01,Linha 4 - Amarela,Tatuapé,396646,156806,2296842,7,7.6,6.5,19,25
2024-01-01,Linha 4 - Amarela,Brooklin,66834,30334,394838,1,8.3,7.2,18,29
2024-01-01,Linha 4 - Amarela,Pinheiros,228295,120744,1382963,6,8.6,6.3,19,44
2024-01-01,Linha 4 - Amarela,Santana,124432,63824,749808,2,11.0,7.1,19,23
2024-01-01,Linha 4 - Amarela,Liberdade,352128,191745,2144130,5,9.6,6.2,20,29
2024-01-01,Linha 4 - Amarela,Butantã,171092,68327,992114,4,8.7,6.5,19,25
2024-01-01,Linha 5 - Lilás,Estação Central,167940,90724,1021148,1,3.3,6.8,20,36
2024-01-01,Linha 5 - Lilás,Praça da Sé,338983,184467,2063849,4,4.0,7.1,18,45
2024-01-01,Linha 5 - Lilás,Paulista,201024,77491,1160102,8,7.6,7.1,20,37
2024-01-01,Linha 5 - Lilás,Consolação,120393,47123,696211,0,7.6,6.8,19,43
2024-01-01,Linha 5 - Lilás,Tatuapé,94023,39668,549451,7,10.9,6.1,19,42
2024-01-01,Linha 5 - Lilás,Brooklin,231103,115594,1386703,8,9.0,6.3,18,36
2024-01-01,Linha 5 - Lilás,Pinheiros,345228,141559,2009258,7,7.2,7.0,20,36
2024-01-01,Linha 5 - Lilás,Santana,191678,100668,1159726,5,8.2,7.2,18,26
2024-01-01,Linha 5 - Lilás,Liberdade,193137,67532,1100749,2,7.0,7.2,19,38
2024-01-01,Linha 5 - Lilás,Butantã,149673,72953,894271,7,6.8,6.1,19,24
2024-02-01,Linha 1 - Azul,Estação Central,148339,79617,900929,4,3.7,7.0,20,23
2024-02-01,Linha 1 - Azul,Praça da Sé,397680,204415,2397230,7,10.1,6.4,19,22
2024-02-01,Linha 1 - Azul,Paulista,110837,62498,679181,8,10.1,7.7,18,19
2024-02-01,Linha 1 - Azul,Consolação,209819,94434,1237963,5,12.1,6.0,20,27
2024-02-01,Linha 1 - Azul,Tatuapé,82703,33056,479627,8,10.0,7.0,20,19
2024-02-01,Linha 1 - Azul,Brooklin,350699,156763,2067021,8,10.3,7.5,20,33
2024-02-01,Linha 1 - Azul,Pinheiros,221283,91899,1290213,5,11.3,7.9,20,26
2024-02-01,Linha 1 - Azul,Santana,176914,81854,1048278,0,5.3,7.1,20,28
2024-02-01,Linha 1 - Azul,Liberdade,109162,53043,651896,1,11.2,7.4,20,29
2024-02-01,Linha 1 - Azul,Butantã,70525,28371,409367,4,9.3,7.4,20,43
2024-02-01,Linha 2 - Verde,Estação Central,353594,149276,2066522,2,6.8,7.8,19,33
2024-02-01,Linha 2 - Verde,Praça da Sé,301346,131704,1770138,7,9.0,6.9,18,44
2024-02-01,Linha 2 - Verde,Paulista,154727,73745,921125,5,3.3,7.5,19,20
2024-02-01,Linha 2 - Verde,Consolação,389290,172519,2291488,7,8.0,7.0,19,30
2024-02-01,Linha 2 - Verde,Tatuapé,95773,49769,578403,8,10.8,6.9,18,25
2024-02-01,Linha 2 - Verde,Brooklin,329641,145950,1940105,2,4.8,6.8,19,35
2024-02-01,Linha 2 - Verde,Pinheiros,332068,158533,1977406,6,4.3,7.1,20,30
2024-02-01,Linha 2 - Verde,Santana,346769,145930,2025705,0,5.5,8.1,20,24
2024-02-01,Linha 2 - Verde,Liberdade,237869,108084,1405513,4,7.5,6.2,20,20
2024-02-01,Linha 2 - Verde,Butantã,356115,150741,2082057,2,10.7,7.4,19,23
2024-02-01,Linha 3 - Vermelha,Estação Central,98587,41357,575649,7,6.4,6.6,19,32
2024-02-01,Linha 3 - Vermelha,Praça da Sé,193990,74149,1118248,7,5.6,6.2,20,37
2024-02-01,Linha 3 - Vermelha,Paulista,95277,46034,568453,8,11.5,6.7,18,24
2024-02-01,Linha 3 - Vermelha,Consolação,96381,34853,551611,8,6.4,7.0,19,35
2024-02-01,Linha 3 - Vermelha,Tatuapé,142728,75623,864886,2,4.7,7.1,18,20
2024-02-01,Linha 3 - Vermelha,Brooklin,313769,156704,1882253,8,3.7,6.4,20,39
2024-02-01,Linha 3 - Vermelha,Pinheiros,83991,33373,486701,1,2.6,8.0,19,40
2024-02-01,Linha 3 - Vermelha,Santana,168009,84304,1008653,1,9.2,8.5,18,33
2024-02-01,Linha 3 - Vermelha,Liberdade,383920,192575,2304750,3,4.7,8.1,18,23
2024-02-01,Linha 3 - Vermelha,Butantã,185386,81923,1090776,4,5.8,7.7,18,38
2024-02-01,Linha 4 - Amarela,Estação Central,213284,94488,1255396,8,5.7,7.3,18,28
2024-02-01,Linha 4 - Amarela,Praça da Sé,288702,129686,1702882,2,7.6,7.9,18,27
2024-02-01,Linha 4 - Amarela,Paulista,298828,134859,1763858,4,7.4,6.8,18,30
2024-02-01,Linha 4 - Amarela,Consolação,342244,156270,2023760,2,8.7,6.8,18,38
2024-02-01,Linha 4 - Amarela,Tatuapé,384404,172194,2266408,0,3.3,7.5,20,22
2024-02-01,Linha 4 - Amarela,Brooklin,144822,57775,839660,4,9.5,6.7,18,32
2024-02-01,Linha 4 - Amarela,Pinheiros,125468,60635,748610,3,8.8,8.4,20,42
2024-02-01,Linha 4 - Amarela,Santana,267914,146178,1631926,8,4.8,6.6,19,31
2024-02-01,Linha 4 - Amarela,Liberdade,131079,52429,760253,6,12.0,7.1,20,43
2024-02-01,Linha 4 - Amarela,Butantã,152919,88065,940725,4,5.9,7.6,19,29
2024-02-01,Linha 5 - Lilás,Estação Central,161456,72679,952638,7,6.0,7.3,18,41
2024-02-01,Linha 5 - Lilás,Praça da Sé,319353,173113,1942991,2,6.1,7.0,20,15
2024-02-01,Linha 5 - Lilás,Paulista,72234,27951,417072,7,6.8,7.1,20,19
2024-02-01,Linha 5 - Lilás,Consolação,265379,118887,1564669,5,7.3,6.4,18,18
2024-02-01,Linha 5 - Lilás,Tatuapé,108850,42152,628554,0,7.6,6.9,20,41
2024-02-01,Linha 5 - Lilás,Brooklin,146572,74532,881924,2,6.7,7.0,19,19
2024-02-01,Linha 5 - Lilás,Pinheiros,142905,79911,874347,6,7.8,7.7,20,36
2024-02-01,Linha 5 - Lilás,Santana,88207,43556,528147,4,10.4,7.1,18,21
2024-02-01,Linha 5 - Lilás,Liberdade,325913,117286,1864137,8,6.7,7.9,19,18
2024-02-01,Linha 5 - Lilás,Butantã,274577,121884,1616653,0,0.8,7.5,20,27
2024-03-01,Linha 1 - Azul,Estação Central,122736,71092,755864,1,6.6,7.0,20,25
2024-03-01,Linha 1 - Azul,Praça da Sé,336383,162836,2007587,1,5.9,8.1,19,23
2024-03-01,Linha 1 - Azul,Paulista,201175,99364,1204603,0,7.9,8.2,20,44
2024-03-01,Linha 1 - Azul,Consolação,305326,164095,1854820,4,3.8,7.5,19,34
2024-03-01,Linha 1 - Azul,Tatuapé,319177,120956,1837797,3,8.5,7.5,20,16
2024-03-01,Linha 1 - Azul,Brooklin,229755,134049,1416873,4,3.4,7.7,18,27
2024-03-01,Linha 1 - Azul,Pinheiros,260798,141526,1587042,8,8.5,6.5,18,45
2024-03-01,Linha 1 - Azul,Santana,223657,93723,1305731,5,6.4,7.9,19,45
2024-03-01,Linha 1 - Azul,Liberdade,101309,52091,610727,5,4.6,6.9,18,31
2024-03-01,Linha 1 - Azul,Butantã,137169,75235,836315,0,4.3,6.9,20,33
2024-03-01,Linha 2 - Verde,Estação Central,411365,193404,2443633,0,4.8,7.2,19,36
2024-03-01,Linha 2 - Verde,Praça da Sé,345491,177647,2082749,2,9.5,7.4,18,38
2024-03-01,Linha 2 - Verde,Paulista,319284,134303,1865026,6,8.9,6.3,20,26
2024-03-01,Linha 2 - Verde,Consolação,110846,58341,670912,7,4.2,6.7,18,43
2024-03-01,Linha 2 - Verde,Tatuapé,202048,83359,1176958,0,3.6,6.6,20,25
2024-03-01,Linha 2 - Verde,Brooklin,185370,80873,1088596,4,5.0,7.0,19,29
2024-03-01,Linha 2 - Verde,Pinheiros,296696,130965,1745410,8,4.4,7.1,18,37
2024-03-01,Linha 2 - Verde,Santana,200351,92379,1186513,8,2.6,6.1,19,39
2024-03-01,Linha 2 - Verde,Liberdade,279373,106991,1610847,0,0.1,8.5,18,22
2024-03-01,Linha 2 - Verde,Butantã,155380,78639,934178,1,10.1,8.1,18,40
2024-03-01,Linha 3 - Vermelha,Estação Central,134869,53381,781107,3,8.8,7.5,19,23
2024-03-01,Linha 3 - Vermelha,Praça da Sé,124468,72886,768112,7,5.7,7.5,20,26
2024-03-01,Linha 3 - Vermelha,Paulista,349335,173496,2093667,4,8.7,7.1,20,32
2024-03-01,Linha 3 - Vermelha,Consolação,107443,47811,632837,5,11.3,7.1,18,37
2024-03-01,Linha 3 - Vermelha,Tatuapé,129027,49408,743951,7,7.4,7.1,20,22
2024-03-01,Linha 3 - Vermelha,Brooklin,387805,179806,2298637,8,9.3,6.8,18,28
2024-03-01,Linha 3 - Vermelha,Pinheiros,114038,68561,707312,7,12.0,7.1,18,32
2024-03-01,Linha 3 - Vermelha,Santana,92762,41261,546332,4,7.2,7.1,19,37
2024-03-01,Linha 3 - Vermelha,Liberdade,298246,138930,1769090,4,4.4,6.5,20,26
2024-03-01,Linha 3 - Vermelha,Butantã,84391,40183,502321,2,10.8,7.4,19,22
2024-03-01,Linha 4 - Amarela,Estação Central,73333,38675,444015,0,1.1,7.6,20,24
2024-03-01,Linha 4 - Amarela,Praça da Sé,133620,46452,761004,2,8.7,7.8,18,30
2024-03-01,Linha 4 - Amarela,Paulista,325011,131646,1888347,1,9.2,7.9,20,44
2024-03-01,Linha 4 - Amarela,Consolação,380826,152496,2209122,1,4.0,7.9,19,27
2024-03-01,Linha 4 - Amarela,Tatuapé,340193,143198,1987361,7,6.6,6.9,18,29
2024-03-01,Linha 4 - Amarela,Brooklin,213745,105422,1279569,8,6.4,7.4,20,44
2024-03-01,Linha 4 - Amarela,Pinheiros,182823,90329,1094773,5,8.2,7.3,18,34
2024-03-01,Linha 4 - Amarela,Santana,206228,80293,1191726,8,10.1,7.9,19,18
2024-03-01,Linha 4 - Amarela,Liberdade,218762,107152,1308114,6,8.6,7.6,19,30
2024-03-01,Linha 4 - Amarela,Butantã,301508,164184,1835908,5,8.6,6.5,20,44
2024-03-01,Linha 5 - Lilás,Estação Central,79727,32305,463245,0,5.6,7.5,20,22
2024-03-01,Linha 5 - Lilás,Praça da Sé,336075,190579,2061533,2,5.5,8.0,18,33
2024-03-01,Linha 5 - Lilás,Paulista,248259,126202,1493699,3,3.7,8.3,20,17
2024-03-01,Linha 5 - Lilás,Consolação,261086,134634,1574698,2,10.6,6.8,19,42
2024-03-01,Linha 5 - Lilás,Tatuapé,181838,94881,1098952,4,12.1,7.5,19,31
2024-03-01,Linha 5 - Lilás,Brooklin,375927,180631,2240897,2,10.8,7.1,20,36
2024-03-01,Linha 5 - Lilás,Pinheiros,240379,84947,1371789,4,11.1,6.0,19,33
2024-03-01,Linha 5 - Lilás,Santana,332748,136755,1937250,0,3.0,7.9,18,30
2024-03-01,Linha 5 - Lilás,Liberdade,215837,98729,1276643,2,7.5,6.9,18,25
2024-03-01,Linha 5 - Lilás,Butantã,317075,166134,1917643,3,8.0,8.3,19,33
2024-04-01,Linha 1 - Azul,Estação Central,76409,30103,442251,1,3.2,6.9,19,21
2024-04-01,Linha 1 - Azul,Praça da Sé,183005,94506,1104037,8,5.7,6.2,18,45
2024-04-01,Linha 1 - Azul,Paulista,364591,149416,2121787,5,9.7,7.5,18,25
2024-04-01,Linha 1 - Azul,Consolação,192526,113895,1190420,8,5.8,7.7,18,40
2024-04-01,Linha 1 - Azul,Tatuapé,233620,134116,1436332,4,11.8,6.1,19,43
2024-04-01,Linha 1 - Azul,Brooklin,280348,114130,1630000,3,6.7,6.9,18,31
2024-04-01,Linha 1 - Azul,Pinheiros,334373,129070,1930005,7,6.5,7.8,20,29
2024-04-01,Linha 1 - Azul,Santana,225755,97093,1322961,1,7.6,7.5,20,34
2024-04-01,Linha 1 - Azul,Liberdade,149039,63356,871907,1,8.0,6.9,20,45
2024-04-01,Linha 1 - Azul,Butantã,322066,131987,1874304,1,9.4,7.9,20,42
2024-04-01,Linha 2 - Verde,Estação Central,100085,51397,603219,1,4.2,7.7,19,34
2024-04-01,Linha 2 - Verde,Praça da Sé,315648,133055,1844350,8,10.1,6.7,19,44
2024-04-01,Linha 2 - Verde,Paulista,203986,102891,1225712,5,11.8,7.3,20,23
2024-04-01,Linha 2 - Verde,Consolação,90858,32389,519068,7,4.8,6.7,20,34
2024-04-01,Linha 2 - Verde,Tatuapé,211286,119737,1295904,5,9.9,6.9,18,19
2024-04-01,Linha 2 - Verde,Brooklin,350467,181106,2114547,1,9.7,7.8,19,20
2024-04-01,Linha 2 - Verde,Pinheiros,183181,81031,1077967,5,7.7,7.9,18,29
2024-04-01,Linha 2 - Verde,Santana,251927,102946,1465527,4,7.1,7.6,18,34
2024-04-01,Linha 2 - Verde,Liberdade,190602,88471,1129952,3,10.7,7.6,18,28
2024-04-01,Linha 2 - Verde,Butantã,134851,59251,792757,2,8.7,7.3,18,34
2024-04-01,Linha 3 - Vermelha,Estação Central,306414,159106,1850282,0,3.7,7.4,18,20
2024-04-01,Linha 3 - Vermelha,Praça da Sé,300849,107332,1718909,6,3.3,6.5,19,35
2024-04-01,Linha 3 - Vermelha,Paulista,308362,124438,1790686,0,1.5,7.9,18,44
2024-04-01,Linha 3 - Vermelha,Consolação,395304,170069,2316658,0,2.6,7.8,20,23
2024-04-01,Linha 3 - Vermelha,Tatuapé,245777,140869,1510623,4,10.1,7.1,19,37
2024-04-01,Linha 3 - Vermelha,Brooklin,183026,79510,1074150,3,9.4,8.5,19,39
2024-04-01,Linha 3 - Vermelha,Pinheiros,179906,92385,1084300,6,9.8,6.4,20,16
2024-04-01,Linha 3 - Vermelha,Santana,185748,81382,1091504,0,5.3,7.4,19,22
2024-04-01,Linha 3 - Vermelha,Liberdade,186079,69924,1070243,5,3.1,7.2,18,43
2024-04-01,Linha 3 - Vermelha,Butantã,76997,39814,464613,5,9.6,6.8,19,29
2024-04-01,Linha 4 - Amarela,Estação Central,302928,131643,1777926,2,4.0,7.3,20,34
2024-04-01,Linha 4 - Amarela,Praça da Sé,224285,99466,1320357,5,7.6,6.4,19,32
2024-04-01,Linha 4 - Amarela,Paulista,383878,147165,2213720,6,3.5,7.0,18,18
2024-04-01,Linha 4 - Amarela,Consolação,263301,132412,1581329,8,5.2,7.1,19,21
2024-04-01,Linha 4 - Amarela,Tatuapé,313267,152886,1872107,7,9.0,8.0,19,24
2024-04-01,Linha 4 - Amarela,Brooklin,368431,183248,2208651,0,4.2,7.3,20,40
2024-04-01,Linha 4 - Amarela,Pinheiros,190130,85517,1121684,8,6.9,7.3,19,24
2024-04-01,Linha 4 - Amarela,Santana,350098,132472,2015434,2,8.5,8.2,18,38
2024-04-01,Linha 4 - Amarela,Liberdade,333596,150966,1969912,7,12.1,6.9,19,41
2024-04-01,Linha 4 - Amarela,Butantã,424241,154342,2429889,6,8.6,7.8,20,16
2024-04-01,Linha 5 - Lilás,Estação Central,336050,156175,1992600,2,7.3,6.6,18,41
2024-04-01,Linha 5 - Lilás,Praça da Sé,98190,50851,592652,4,9.5,7.9,20,27
2024-04-01,Linha 5 - Lilás,Paulista,270518,144301,1641192,2,6.8,7.0,20,21
2024-04-01,Linha 5 - Lilás,Consolação,241583,121064,1450043,3,4.4,7.0,20,19
2024-04-01,Linha 5 - Lilás,Tatuapé,200001,86641,1173287,2,11.4,7.5,20,15
2024-04-01,Linha 5 - Lilás,Brooklin,419338,170418,2437526,6,5.9,6.6,20,39
2024-04-01,Linha 5 - Lilás,Pinheiros,86051,35403,501061,2,9.5,8.2,18,21
2024-04-01,Linha 5 - Lilás,Santana,345702,165313,2059136,6,5.7,7.7,20,31
2024-04-01,Linha 5 - Lilás,Liberdade,339642,144220,1986650,1,12.7,7.3,20,30
2024-04-01,Linha 5 - Lilás,Butantã,324505,122129,1866783,4,3.5,7.9,18,19
2024-05-01,Linha 1 - Azul,Estação Central,117270,52442,691234,5,6.3,7.9,20,43
2024-05-01,Linha 1 - Azul,Praça da Sé,129517,45257,738099,7,10.7,7.7,19,20
2024-05-01,Linha 1 - Azul,Paulista,151477,83006,923397,3,4.7,6.9,18,39
2024-05-01,Linha 1 - Azul,Consolação,319338,158939,1914568,1,10.7,7.4,19,27
2024-05-01,Linha 1 - Azul,Tatuapé,72284,30401,422222,8,4.5,7.8,20,25
2024-05-01,Linha 1 - Azul,Brooklin,67643,34762,407739,3,3.7,6.7,18,42
2024-05-01,Linha 1 - Azul,Pinheiros,185949,71375,1072495,7,4.3,6.8,18,35
2024-05-01,Linha 1 - Azul,Santana,80268,41166,483672,3,3.1,7.4,19,32
2024-05-01,Linha 1 - Azul,Liberdade,329639,156578,1961351,8,9.3,7.4,18,34
2024-05-01,Linha 1 - Azul,Butantã,306872,164246,1862852,3,4.6,8.4,18,20
2024-05-01,Linha 2 - Verde,Estação Central,343553,170104,2057973,6,7.7,6.4,20,36
2024-05-01,Linha 2 - Verde,Praça da Sé,64612,26979,377018,1,9.5,7.0,19,19
2024-05-01,Linha 2 - Verde,Paulista,163810,93499,1006048,5,4.4,6.5,19,26
2024-05-01,Linha 2 - Verde,Consolação,159732,72366,943392,5,7.9,7.6,19,26
2024-05-01,Linha 2 - Verde,Tatuapé,305667,140330,1808995,4,8.4,6.6,18,16
2024-05-01,Linha 2 - Verde,Brooklin,297854,130875,1751020,7,6.3,6.0,20,35
2024-05-01,Linha 2 - Verde,Pinheiros,191177,89287,1134459,2,9.9,6.6,18,16
2024-05-01,Linha 2 - Verde,Santana,159551,74585,946925,7,5.3,6.7,20,24
2024-05-01,Linha 2 - Verde,Liberdade,249392,107345,1461650,5,5.9,7.4,20,31
2024-05-01,Linha 2 - Verde,Butantã,208029,78896,1197937,0,5.1,8.4,19,24
2024-05-01,Linha 3 - Vermelha,Estação Central,312259,131020,1823335,5,5.7,7.9,20,19
2024-05-01,Linha 3 - Vermelha,Praça da Sé,260639,146271,1595737,6,10.1,7.5,18,41
2024-05-01,Linha 3 - Vermelha,Paulista,184783,90338,1104591,7,6.2,6.3,20,21
2024-05-01,Linha 3 - Vermelha,Consolação,392493,207964,2378393,5,10.9,6.2,18,24
2024-05-01,Linha 3 - Vermelha,Tatuapé,222590,84107,1281164,8,4.9,6.4,19,19
2024-05-01,Linha 3 - Vermelha,Brooklin,239193,118202,1432369,5,7.8,6.7,20,24
2024-05-01,Linha 3 - Vermelha,Pinheiros,140229,55169,811483,6,3.7,7.5,18,28
2024-05-01,Linha 3 - Vermelha,Santana,382771,154057,2221969,3,11.2,7.4,18,43
2024-05-01,Linha 3 - Vermelha,Liberdade,368154,143840,2128450,4,6.6,7.8,19,44
2024-05-01,Linha 3 - Vermelha,Butantã,360059,137174,2074643,0,7.8,8.1,20,24
2024-05-01,Linha 4 - Amarela,Estação Central,400820,174269,2352638,2,7.0,6.6,18,41
2024-05-01,Linha 4 - Amarela,Praça da Sé,344098,201481,2123452,4,3.8,7.5,18,33
2024-05-01,Linha 4 - Amarela,Paulista,226596,118557,1370094,3,4.0,8.1,19,37
2024-05-01,Linha 4 - Amarela,Consolação,65339,33488,393671,7,6.1,7.8,20,27
2024-05-01,Linha 4 - Amarela,Tatuapé,185656,94810,1117900,2,4.9,6.8,19,31
2024-05-01,Linha 4 - Amarela,Brooklin,183643,80746,1079707,6,10.0,7.7,18,33
2024-05-01,Linha 4 - Amarela,Pinheiros,124632,53932,731024,1,4.3,7.7,20,28
2024-05-01,Linha 4 - Amarela,Santana,341988,166732,2043404,2,8.6,8.2,19,27
2024-05-01,Linha 4 - Amarela,Liberdade,86689,45249,523943,2,11.2,6.9,20,32
2024-05-01,Linha 4 - Amarela,Butantã,199849,92233,1183711,0,5.6,8.0,20,25
2024-05-01,Linha 5 - Lilás,Estação Central,237399,99746,1386487,3,4.9,6.7,18,31
2024-05-01,Linha 5 - Lilás,Praça da Sé,203869,79921,1179187,2,12.8,8.0,19,35
2024-05-01,Linha 5 - Lilás,Paulista,173757,93128,1055041,3,12.2,7.8,20,28
2024-05-01,Linha 5 - Lilás,Consolação,127005,71280,777585,6,7.8,6.6,19,43
2024-05-01,Linha 5 - Lilás,Tatuapé,334273,147436,1966237,6,11.1,7.7,18,26
2024-05-01,Linha 5 - Lilás,Brooklin,303402,139259,1795528,7,2.9,6.4,19,39
2024-05-01,Linha 5 - Lilás,Pinheiros,259276,132281,1560942,1,9.4,8.3,20,24
2024-05-01,Linha 5 - Lilás,Santana,302825,153436,1820997,8,5.2,7.7,19,18
2024-05-01,Linha 5 - Lilás,Liberdade,251076,118582,1492544,5,4.9,6.8,19,26
2024-05-01,Linha 5 - Lilás,Butantã,311421,155945,1868995,4,7.4,7.6,20,27
2024-06-01,Linha 1 - Azul,Estação Central,353154,178213,2122196,1,8.2,6.7,18,30
2024-06-01,Linha 1 - Azul,Praça da Sé,93693,40291,549047,2,11.7,7.7,20,20
2024-06-01,Linha 1 - Azul,Paulista,359403,149440,2095895,1,7.1,7.2,19,20
2024-06-01,Linha 1 - Azul,Consolação,83660,37492,493284,1,7.5,8.1,19,28
2024-06-01,Linha 1 - Azul,Tatuapé,246196,114153,1459286,5,11.4,7.5,18,38
2024-06-01,Linha 1 - Azul,Brooklin,405948,185009,2399758,4,4.9,7.4,20,19
2024-06-01,Linha 1 - Azul,Pinheiros,277250,134590,1655430,1,9.9,6.6,18,19
2024-06-01,Linha 1 - Azul,Santana,197182,78997,1143904,2,5.8,6.7,18,42
2024-06-01,Linha 1 - Azul,Liberdade,167289,79039,994523,0,5.7,7.1,18,43
2024-06-01,Linha 1 - Azul,Butantã,91760,47555,553910,1,8.0,8.0,19,21
2024-06-01,Linha 2 - Verde,Estação Central,348213,168817,2078699,8,10.3,7.4,18,35
2024-06-01,Linha 2 - Verde,Praça da Sé,88871,40398,525151,3,8.4,7.2,19,26
2024-06-01,Linha 2 - Verde,Paulista,258940,129829,1554358,3,4.1,8.4,19,15
2024-06-01,Linha 2 - Verde,Consolação,388098,176366,2293222,4,5.9,7.6,18,44
2024-06-01,Linha 2 - Verde,Tatuapé,173505,67247,1002019,6,9.4,6.5,20,41
2024-06-01,Linha 2 - Verde,Brooklin,290460,116910,1686120,4,6.7,6.4,18,24
2024-06-01,Linha 2 - Verde,Pinheiros,351944,197306,2154332,3,6.3,8.0,19,41
2024-06-01,Linha 2 - Verde,Santana,116796,57538,699056,7,11.0,7.5,19,36
2024-06-01,Linha 2 - Verde,Liberdade,230766,113070,1379970,0,1.3,6.9,20,30
2024-06-01,Linha 2 - Verde,Butantã,201327,76316,1159267,8,6.7,8.0,19,19
2024-06-01,Linha 3 - Vermelha,Estação Central,167822,85810,1010730,4,6.9,6.5,18,37
2024-06-01,Linha 3 - Vermelha,Praça da Sé,345188,150627,2027194,7,5.3,6.6,18,42
2024-06-01,Linha 3 - Vermelha,Paulista,353552,130881,2029522,6,4.8,6.4,20,30
2024-06-01,Linha 3 - Vermelha,Consolação,90428,49319,550778,4,7.8,6.3,19,23
2024-06-01,Linha 3 - Vermelha,Tatuapé,136123,58202,797019,3,9.2,7.2,19,19
2024-06-01,Linha 3 - Vermelha,Brooklin,187779,76446,1091787,8,9.4,7.7,18,20
2024-06-01,Linha 3 - Vermelha,Pinheiros,129518,63095,773780,3,6.4,7.2,19,44
2024-06-01,Linha 3 - Vermelha,Santana,206624,95956,1225032,0,4.1,6.9,19,42
2024-06-01,Linha 3 - Vermelha,Liberdade,96961,46969,578743,0,7.1,7.2,20,37
2024-06-01,Linha 3 - Vermelha,Butantã,242956,91812,1398404,2,11.5,8.1,20,20
2024-06-01,Linha 4 - Amarela,Estação Central,337001,116983,1918971,4,5.2,6.0,19,19
2024-06-01,Linha 4 - Amarela,Praça da Sé,419837,154160,2407505,8,4.6,7.0,18,26
2024-06-01,Linha 4 - Amarela,Paulista,317096,132655,1850790,1,8.5,7.1,18,27
2024-06-01,Linha 4 - Amarela,Consolação,190400,81515,1115030,3,5.8,7.3,20,44
2024-06-01,Linha 4 - Amarela,Tatuapé,172590,81138,1025226,7,11.6,7.1,18,41
2024-06-01,Linha 4 - Amarela,Brooklin,145792,74813,878586,4,8.5,7.6,18,34
2024-06-01,Linha 4 - Amarela,Pinheiros,197784,79993,1148906,5,9.5,7.2,18,17
2024-06-01,Linha 4 - Amarela,Santana,243549,110297,1438339,6,10.8,6.2,18,41
2024-06-01,Linha 4 - Amarela,Liberdade,156504,77468,937456,0,0.8,7.7,19,38
2024-06-01,Linha 4 - Amarela,Butantã,100809,41429,586903,7,10.0,6.9,19,36
2024-06-01,Linha 5 - Lilás,Estação Central,240441,140673,1483551,4,10.8,7.8,20,23
2024-06-01,Linha 5 - Lilás,Praça da Sé,228544,90285,1323290,2,7.5,8.4,20,38
2024-06-01,Linha 5 - Lilás,Paulista,173272,84446,1035252,7,4.1,6.7,20,22
2024-06-01,Linha 5 - Lilás,Consolação,167259,68540,973375,3,8.3,6.9,19,18
2024-06-01,Linha 5 - Lilás,Tatuapé,185935,71184,1072043,3,9.8,8.2,19,27
2024-06-01,Linha 5 - Lilás,Brooklin,74941,34671,444047,6,10.6,8.0,19,17
2024-06-01,Linha 5 - Lilás,Pinheiros,116631,65756,714667,3,10.2,7.0,19,27
2024-06-01,Linha 5 - Lilás,Santana,244316,121014,1463608,3,5.2,7.5,20,18
2024-06-01,Linha 5 - Lilás,Liberdade,325623,162990,1954095,7,9.9,7.9,20,20
2024-06-01,Linha 5 - Lilás,Butantã,249162,148403,1542616,1,3.8,8.0,20,31
2024-07-01,Linha 1 - Azul,Estação Central,206561,87246,1207297,4,8.6,7.6,20,44
2024-07-01,Linha 1 - Azul,Praça da Sé,205354,80804,1188378,1,11.0,7.6,19,23
2024-07-01,Linha 1 - Azul,Paulista,323285,164809,1946043,2,9.6,7.3,20,17
2024-07-01,Linha 1 - Azul,Consolação,247057,107880,1451045,0,2.7,7.9,20,33
2024-07-01,Linha 1 - Azul,Tatuapé,263331,106572,1529799,0,2.2,7.2,20,17
2024-07-01,Linha 1 - Azul,Brooklin,279803,134438,1667891,4,9.2,7.4,19,36
2024-07-01,Linha 1 - Azul,Pinheiros,308446,130744,1803718,7,6.0,6.6,18,43
2024-07-01,Linha 1 - Azul,Santana,208065,91697,1223719,1,10.3,8.5,19,42
2024-07-01,Linha 1 - Azul,Liberdade,376532,162611,2207882,3,2.5,7.8,20,22
2024-07-01,Linha 1 - Azul,Butantã,181074,76811,1058992,1,9.9,7.6,19,35
2024-07-01,Linha 2 - Verde,Estação Central,366851,145212,2124679,6,10.8,6.1,18,32
2024-07-01,Linha 2 - Verde,Praça da Sé,270699,137185,1627865,7,7.8,7.8,18,35
2024-07-01,Linha 2 - Verde,Paulista,163114,68503,952576,8,5.7,6.9,20,39
2024-07-01,Linha 2 - Verde,Consolação,114240,47498,666196,7,10.8,7.2,20,16
2024-07-01,Linha 2 - Verde,Tatuapé,371205,145864,2147753,8,10.5,6.3,20,23
2024-07-01,Linha 2 - Verde,Brooklin,342707,182949,2079433,6,8.9,7.9,19,24
2024-07-01,Linha 2 - Verde,Pinheiros,355092,161989,2099438,4,3.8,6.2,19,33
2024-07-01,Linha 2 - Verde,Santana,176277,93371,1068127,3,3.5,8.0,19,19
2024-07-01,Linha 2 - Verde,Liberdade,137239,62668,811531,3,5.4,7.3,20,40
2024-07-01,Linha 2 - Verde,Butantã,368839,139182,2122559,5,10.5,6.9,20,31
2024-07-01,Linha 3 - Vermelha,Estação Central,160403,70328,942671,4,11.9,7.0,18,33
2024-07-01,Linha 3 - Vermelha,Praça da Sé,201376,82793,1172466,6,4.9,7.1,20,42
2024-07-01,Linha 3 - Vermelha,Paulista,378743,163891,2221497,0,6.4,6.7,20,25
2024-07-01,Linha 3 - Vermelha,Consolação,274975,113075,1601025,7,6.9,7.1,19,34
2024-07-01,Linha 3 - Vermelha,Tatuapé,230165,112917,1376659,3,9.9,6.6,20,33
2024-07-01,Linha 3 - Vermelha,Brooklin,241935,112791,1435257,0,4.3,7.0,20,38
2024-07-01,Linha 3 - Vermelha,Pinheiros,219722,97350,1293310,7,9.3,7.8,18,42
2024-07-01,Linha 3 - Vermelha,Santana,382494,141924,2196318,6,7.2,7.1,20,21
2024-07-01,Linha 3 - Vermelha,Liberdade,200653,83832,1170929,6,9.1,6.6,19,45
2024-07-01,Linha 3 - Vermelha,Butantã,213875,100535,1270445,0,3.3,7.0,19,25
2024-07-01,Linha 4 - Amarela,Estação Central,186690,85487,1104424,6,4.3,7.5,20,32
2024-07-01,Linha 4 - Amarela,Praça da Sé,307343,119241,1775197,2,11.2,8.1,18,42
2024-07-01,Linha 4 - Amarela,Paulista,91679,46469,551333,2,5.6,6.7,20,32
2024-07-01,Linha 4 - Amarela,Consolação,321236,128499,1863178,8,11.7,6.9,19,38
2024-07-01,Linha 4 - Amarela,Tatuapé,87360,31159,499118,3,10.7,6.9,20,40
2024-07-01,Linha 4 - Amarela,Brooklin,401223,193499,2393113,7,4.8,7.4,18,34
2024-07-01,Linha 4 - Amarela,Pinheiros,111205,54054,664133,2,9.3,7.7,18,29
2024-07-01,Linha 4 - Amarela,Santana,73351,29968,426691,7,9.7,7.8,19,16
2024-07-01,Linha 4 - Amarela,Liberdade,396912,173403,2331366,4,5.5,7.2,18,34
2024-07-01,Linha 4 - Amarela,Butantã,118872,47830,690020,6,9.9,7.2,20,41
2024-07-01,Linha 5 - Lilás,Estação Central,121661,54541,717387,1,2.2,7.0,20,21
2024-07-01,Linha 5 - Lilás,Praça da Sé,365942,156296,2142302,3,10.2,8.3,18,45
2024-07-01,Linha 5 - Lilás,Paulista,298755,129277,1752329,0,5.4,7.1,18,34
2024-07-01,Linha 5 - Lilás,Consolação,175917,87106,1053797,6,8.4,6.2,18,31
2024-07-01,Linha 5 - Lilás,Tatuapé,105885,38214,605853,4,6.1,7.3,20,20
2024-07-01,Linha 5 - Lilás,Brooklin,131352,46070,748900,7,9.3,7.5,19,37
2024-07-01,Linha 5 - Lilás,Pinheiros,296897,140827,1766139,2,9.4,6.6,20,32
2024-07-01,Linha 5 - Lilás,Santana,284988,133606,1692152,0,1.8,7.5,20,40
2024-07-01,Linha 5 - Lilás,Liberdade,116766,60269,704368,7,9.5,6.6,18,17
2024-07-01,Linha 5 - Lilás,Butantã,299643,118483,1735181,1,10.2,6.5,19,23
2024-08-01,Linha 1 - Azul,Estação Central,112870,53517,671384,2,8.4,7.0,19,31
2024-08-01,Linha 1 - Azul,Praça da Sé,179728,81344,1061328,7,4.1,6.1,20,35
2024-08-01,Linha 1 - Azul,Paulista,118831,62319,718793,5,5.1,6.9,18,24
2024-08-01,Linha 1 - Azul,Consolação,268781,135712,1615329,2,4.8,8.4,18,15
2024-08-01,Linha 1 - Azul,Tatuapé,307667,116498,1771331,4,4.2,6.3,19,21
2024-08-01,Linha 1 - Azul,Brooklin,92262,44425,550160,2,7.3,7.3,18,45
2024-08-01,Linha 1 - Azul,Pinheiros,250223,129425,1509965,6,11.2,7.7,18,37
2024-08-01,Linha 1 - Azul,Santana,244007,109323,1438681,7,7.8,7.4,20,42
2024-08-01,Linha 1 - Azul,Liberdade,68910,36676,417902,7,9.6,6.7,18,45
2024-08-01,Linha 1 - Azul,Butantã,100510,51689,605928,1,4.4,6.6,18,26
2024-08-01,Linha 2 - Verde,Estação Central,385817,152391,2233867,0,0.8,7.3,19,28
2024-08-01,Linha 2 - Verde,Praça da Sé,237715,133654,1455883,1,5.6,7.1,20,31
2024-08-01,Linha 2 - Verde,Paulista,81081,31519,468443,6,9.4,7.9,20,15
2024-08-01,Linha 2 - Verde,Consolação,205437,88941,1205067,5,4.9,7.3,18,44
2024-08-01,Linha 2 - Verde,Tatuapé,141873,58029,825423,4,11.4,7.0,19,32
2024-08-01,Linha 2 - Verde,Brooklin,266156,107630,1546040,2,5.9,7.3,20,42
2024-08-01,Linha 2 - Verde,Pinheiros,145468,62523,852386,3,9.8,7.1,20,44
2024-08-01,Linha 2 - Verde,Santana,82241,41296,493797,7,5.6,6.0,19,32
2024-08-01,Linha 2 - Verde,Liberdade,105715,58252,645079,0,3.7,7.4,20,17
2024-08-01,Linha 2 - Verde,Butantã,337524,163304,2014228,7,12.0,7.8,20,21
2024-08-01,Linha 3 - Vermelha,Estação Central,122214,53914,718898,0,3.0,7.0,19,22
2024-08-01,Linha 3 - Vermelha,Praça da Sé,193753,74358,1117481,4,5.2,7.2,20,31
2024-08-01,Linha 3 - Vermelha,Paulista,241901,110772,1431049,5,6.5,7.3,19,35
2024-08-01,Linha 3 - Vermelha,Consolação,172961,67117,999039,3,9.2,6.6,18,36
2024-08-01,Linha 3 - Vermelha,Tatuapé,311621,145478,1849061,8,7.1,7.6,20,26
2024-08-01,Linha 3 - Vermelha,Brooklin,140930,76676,858002,6,6.1,6.3,20,36
2024-08-01,Linha 3 - Vermelha,Pinheiros,79953,36614,472993,4,11.7,7.2,19,39
2024-08-01,Linha 3 - Vermelha,Santana,145190,59534,845018,3,11.0,6.6,18,37
2024-08-01,Linha 3 - Vermelha,Liberdade,239893,129745,1458955,5,9.2,6.7,20,16
2024-08-01,Linha 3 - Vermelha,Butantã,332049,140655,1941555,8,5.6,6.0,19,45
2024-08-01,Linha 4 - Amarela,Estação Central,355318,163325,2103240,2,5.6,7.4,18,45
2024-08-01,Linha 4 - Amarela,Praça da Sé,346177,146042,2022969,1,10.1,7.6,20,18
2024-08-01,Linha 4 - Amarela,Paulista,149921,73738,897081,0,2.1,6.7,20,29
2024-08-01,Linha 4 - Amarela,Consolação,287448,143799,1724838,4,6.9,6.0,18,40
2024-08-01,Linha 4 - Amarela,Tatuapé,308372,145376,1832612,1,8.9,8.0,18,39
2024-08-01,Linha 4 - Amarela,Brooklin,109671,46156,640667,3,8.6,7.1,18,20
2024-08-01,Linha 4 - Amarela,Pinheiros,94914,39982,554534,3,10.9,8.2,19,21
2024-08-01,Linha 4 - Amarela,Santana,99555,42823,583421,8,11.2,6.8,18,23
2024-08-01,Linha 4 - Amarela,Liberdade,78638,35517,464224,0,2.5,6.6,18,30
2024-08-01,Linha 4 - Amarela,Butantã,365626,185092,2198314,1,6.6,7.6,18,19
2024-08-01,Linha 5 - Lilás,Estação Central,254671,129825,1533005,0,4.2,8.5,19,26
2024-08-01,Linha 5 - Lilás,Praça da Sé,284161,142149,1705103,4,10.3,7.7,20,32
2024-08-01,Linha 5 - Lilás,Paulista,397713,192129,2372823,2,4.8,8.1,19,33
2024-08-01,Linha 5 - Lilás,Consolação,120899,56283,717061,4,10.6,6.1,20,23
2024-08-01,Linha 5 - Lilás,Tatuapé,347710,165553,2069656,2,8.8,7.5,20,42
2024-08-01,Linha 5 - Lilás,Brooklin,135848,70042,819324,2,5.1,6.5,19,38
2024-08-01,Linha 5 - Lilás,Pinheiros,284516,147586,1717752,5,5.7,7.7,18,24
2024-08-01,Linha 5 - Lilás,Santana,132692,58596,780652,1,9.3,7.2,18,37
2024-08-01,Linha 5 - Lilás,Liberdade,198271,83646,1158647,3,8.8,7.0,18,23
2024-08-01,Linha 5 - Lilás,Butantã,303726,110734,1740098,0,0.2,7.0,20,18
2024-09-01,Linha 1 - Azul,Estação Central,347064,123983,1983286,1,7.1,6.6,19,26
2024-09-01,Linha 1 - Azul,Praça da Sé,257957,133845,1557475,2,5.9,6.6,20,24
2024-09-01,Linha 1 - Azul,Paulista,331982,133899,1927708,0,2.4,7.2,19,44
2024-09-01,Linha 1 - Azul,Consolação,330150,147133,1945016,5,3.7,7.8,18,32
2024-09-01,Linha 1 - Azul,Tatuapé,115226,53587,683304,1,5.4,8.3,20,17
2024-09-01,Linha 1 - Azul,Brooklin,283311,130359,1677273,8,2.9,7.7,18,44
2024-09-01,Linha 1 - Azul,Pinheiros,212732,101150,1265960,5,4.0,6.7,20,41
2024-09-01,Linha 1 - Azul,Santana,194360,110808,1193416,8,5.3,6.9,18,21
2024-09-01,Linha 1 - Azul,Liberdade,230484,97072,1346564,2,5.3,7.5,18,30
2024-09-01,Linha 1 - Azul,Butantã,289122,120283,1686176,5,5.1,6.7,19,32
2024-09-01,Linha 2 - Verde,Estação Central,346632,157204,2047568,3,7.6,6.7,20,23
2024-09-01,Linha 2 - Verde,Praça da Sé,312889,116063,1796571,5,9.1,7.5,20,31
2024-09-01,Linha 2 - Verde,Paulista,253098,110920,1487330,7,11.4,7.3,18,33
2024-09-01,Linha 2 - Verde,Consolação,247804,109587,1458194,1,11.5,7.6,18,38
2024-09-01,Linha 2 - Verde,Tatuapé,142540,52964,818628,0,7.1,7.3,20,24
2024-09-01,Linha 2 - Verde,Brooklin,187857,83652,1106589,4,9.1,6.9,18,20
2024-09-01,Linha 2 - Verde,Pinheiros,378118,153861,2198312,6,7.4,6.4,19,18
2024-09-01,Linha 2 - Verde,Santana,383255,154802,2225879,7,10.2,7.3,19,44
2024-09-01,Linha 2 - Verde,Liberdade,152727,59681,882997,3,6.5,7.7,20,35
2024-09-01,Linha 2 - Verde,Butantã,197303,92375,1171265,1,8.6,7.7,18,39
2024-09-01,Linha 3 - Vermelha,Estação Central,207944,106766,1253252,4,7.5,6.7,20,39
2024-09-01,Linha 3 - Vermelha,Praça da Sé,251918,118588,1496766,7,4.2,6.9,20,40
2024-09-01,Linha 3 - Vermelha,Paulista,141142,75455,856620,3,11.1,7.2,18,18
2024-09-01,Linha 3 - Vermelha,Consolação,161030,62354,929858,0,0.5,7.8,19,31
2024-09-01,Linha 3 - Vermelha,Tatuapé,143514,56361,830292,8,5.5,7.8,18,16
2024-09-01,Linha 3 - Vermelha,Brooklin,122941,62208,739121,7,5.0,6.6,18,27
2024-09-01,Linha 3 - Vermelha,Pinheiros,198707,85480,1164495,2,2.8,6.7,18,20
2024-09-01,Linha 3 - Vermelha,Santana,400697,179777,2363039,4,9.2,7.6,20,33
2024-09-01,Linha 3 - Vermelha,Liberdade,128086,73067,786564,6,10.2,6.6,18,26
2024-09-01,Linha 3 - Vermelha,Butantã,143002,72399,859808,5,3.6,7.7,19,24
2024-09-01,Linha 4 - Amarela,Estação Central,120718,51740,707070,6,4.2,6.9,20,41
2024-09-01,Linha 4 - Amarela,Praça da Sé,306245,153609,1838443,7,3.9,6.1,18,28
2024-09-01,Linha 4 - Amarela,Paulista,194636,79528,1132236,2,9.3,6.7,19,26
2024-09-01,Linha 4 - Amarela,Consolação,254101,101492,1473489,4,8.0,7.0,19,25
2024-09-01,Linha 4 - Amarela,Tatuapé,152991,77901,920757,7,7.5,7.5,19,34
2024-09-01,Linha 4 - Amarela,Brooklin,103395,39264,595503,6,9.2,6.3,19,36
2024-09-01,Linha 4 - Amarela,Pinheiros,339969,165592,2031029,0,3.7,6.6,20,45
2024-09-01,Linha 4 - Amarela,Santana,362860,194154,2202608,8,4.1,7.2,18,36
2024-09-01,Linha 4 - Amarela,Liberdade,271243,124481,1605177,2,7.4,6.6,18,38
2024-09-01,Linha 4 - Amarela,Butantã,181847,95563,1100361,8,6.0,7.0,18,44
2024-09-01,Linha 5 - Lilás,Estação Central,78926,40314,475258,7,7.1,6.4,20,25
2024-09-01,Linha 5 - Lilás,Praça da Sé,372973,127673,2120211,4,8.8,6.9,20,39
2024-09-01,Linha 5 - Lilás,Paulista,368352,172627,2187014,6,11.5,7.6,19,42
2024-09-01,Linha 5 - Lilás,Consolação,220219,110186,1321467,0,4.6,7.6,18,33
2024-09-01,Linha 5 - Lilás,Tatuapé,200741,105959,1215623,3,11.3,7.8,19,29
2024-09-01,Linha 5 - Lilás,Brooklin,342060,168104,2046508,6,6.4,6.5,19,15
2024-09-01,Linha 5 - Lilás,Pinheiros,75434,32283,441736,5,3.8,6.0,18,37
2024-09-01,Linha 5 - Lilás,Santana,143653,54258,826781,8,4.2,7.1,18,40
2024-09-01,Linha 5 - Lilás,Liberdade,257694,92661,1473792,7,11.4,7.2,20,44
2024-09-01,Linha 5 - Lilás,Butantã,271138,132323,1620336,8,4.5,7.4,19,28
2024-10-01,Linha 1 - Azul,Estação Central,279296,136923,1670326,0,4.4,8.3,18,19
2024-10-01,Linha 1 - Azul,Praça da Sé,399553,137798,2273361,2,4.3,8.3,19,28
2024-10-01,Linha 1 - Azul,Paulista,102246,41620,594470,1,10.3,7.4,19,28
2024-10-01,Linha 1 - Azul,Consolação,136322,55395,792400,7,5.1,7.6,20,21
2024-10-01,Linha 1 - Azul,Tatuapé,138895,53088,800651,8,9.1,6.5,18,39
2024-10-01,Linha 1 - Azul,Brooklin,215324,76615,1229850,6,7.7,7.5,19,43
2024-10-01,Linha 1 - Azul,Pinheiros,154997,67734,910453,5,12.5,7.1,20,36
2024-10-01,Linha 1 - Azul,Santana,319935,134633,1868941,5,5.5,6.6,18,28
2024-10-01,Linha 1 - Azul,Liberdade,167169,68913,973671,5,7.9,7.6,20,34
2024-10-01,Linha 1 - Azul,Butantã,328101,157533,1955571,8,11.6,7.2,19,32
2024-10-01,Linha 2 - Verde,Estação Central,79673,42441,483247,1,5.2,8.0,19,33
2024-10-01,Linha 2 - Verde,Praça da Sé,224154,99216,1319202,0,1.3,6.6,18,35
2024-10-01,Linha 2 - Verde,Paulista,359442,188619,2174448,4,4.2,7.5,18,25
2024-10-01,Linha 2 - Verde,Consolação,162799,65161,944317,4,12.8,6.2,20,37
2024-10-01,Linha 2 - Verde,Tatuapé,189122,97820,1141250,2,9.7,8.0,19,41
2024-10-01,Linha 2 - Verde,Brooklin,303676,135776,1789932,1,5.9,6.7,19,23
2024-10-01,Linha 2 - Verde,Pinheiros,171127,91353,1038341,1,6.3,7.4,20,32
2024-10-01,Linha 2 - Verde,Santana,137882,73650,836710,5,9.4,6.1,19,19
2024-10-01,Linha 2 - Verde,Liberdade,259684,124053,1546526,5,6.1,7.4,20,36
2024-10-01,Linha 2 - Verde,Butantã,293235,167274,1800723,4,10.0,7.4,19,22
2024-10-01,Linha 3 - Vermelha,Estação Central,319578,157698,1913286,5,7.5,7.9,18,34
2024-10-01,Linha 3 - Vermelha,Praça da Sé,294365,160269,1792363,6,9.4,7.2,20,33
2024-10-01,Linha 3 - Vermelha,Paulista,102794,57122,628214,1,4.6,6.6,18,36
2024-10-01,Linha 3 - Vermelha,Consolação,95062,44997,565304,6,9.5,7.1,19,37
2024-10-01,Linha 3 - Vermelha,Tatuapé,266165,112258,1555341,5,4.0,7.1,18,35
2024-10-01,Linha 3 - Vermelha,Brooklin,335718,177873,2034336,0,7.7,7.2,20,38
2024-10-01,Linha 3 - Vermelha,Pinheiros,227383,118083,1373081,8,7.6,7.4,19,45
2024-10-01,Linha 3 - Vermelha,Santana,138910,60201,814952,0,6.0,7.0,19,38
2024-10-01,Linha 3 - Vermelha,Liberdade,343070,132001,1979352,8,4.9,6.0,19,36
2024-10-01,Linha 3 - Vermelha,Butantã,321043,167499,1940213,6,9.0,7.5,19,35
2024-10-01,Linha 4 - Amarela,Estação Central,154884,62095,898610,4,11.9,7.5,18,16
2024-10-01,Linha 4 - Amarela,Praça da Sé,404229,195862,2412869,8,6.0,8.0,20,44
2024-10-01,Linha 4 - Amarela,Paulista,282856,123769,1661818,8,3.2,7.0,18,43
2024-10-01,Linha 4 - Amarela,Consolação,88334,40821,523312,4,7.2,6.8,18,20
2024-10-01,Linha 4 - Amarela,Tatuapé,293003,152073,1769161,4,9.3,6.2,18,42
2024-10-01,Linha 4 - Amarela,Brooklin,88286,38785,519000,1,8.6,8.0,19,30
2024-10-01,Linha 4 - Amarela,Pinheiros,354485,151057,2074539,1,3.4,7.4,20,21
2024-10-01,Linha 4 - Amarela,Santana,277874,156528,1702426,6,6.8,7.0,18,30
2024-10-01,Linha 4 - Amarela,Liberdade,130415,60330,772735,7,4.8,7.6,18,27
2024-10-01,Linha 4 - Amarela,Butantã,136814,48536,781142,1,11.5,8.1,20,45
2024-10-01,Linha 5 - Lilás,Estação Central,297756,111529,1711838,8,7.1,6.4,18,21
2024-10-01,Linha 5 - Lilás,Praça da Sé,361789,151556,2112057,5,4.2,7.6,20,28
2024-10-01,Linha 5 - Lilás,Paulista,70423,34081,420277,3,4.5,6.6,19,25
2024-10-01,Linha 5 - Lilás,Consolação,99335,46836,590347,1,10.4,7.7,20,38
2024-10-01,Linha 5 - Lilás,Tatuapé,173481,78977,1025359,3,9.3,6.7,18,30
2024-10-01,Linha 5 - Lilás,Brooklin,236269,131499,1444343,4,6.8,7.1,19,38
2024-10-01,Linha 5 - Lilás,Pinheiros,217533,100668,1289001,2,5.4,7.6,19,34
2024-10-01,Linha 5 - Lilás,Santana,378728,189908,2273456,2,4.9,8.3,20,39
2024-10-01,Linha 5 - Lilás,Liberdade,167583,78714,995343,1,9.9,7.2,20,36
2024-10-01,Linha 5 - Lilás,Butantã,184074,91527,1103424,3,5.7,7.0,18,34
2024-11-01,Linha 1 - Azul,Estação Central,118272,57113,705586,8,6.8,6.1,20,35
2024-11-01,Linha 1 - Azul,Praça da Sé,283146,118150,1652030,7,7.1,7.2,19,45
2024-11-01,Linha 1 - Azul,Paulista,169125,85950,1017525,5,7.1,6.5,20,42
2024-11-01,Linha 1 - Azul,Consolação,375787,187349,2253633,0,0.4,7.3,18,33
2024-11-01,Linha 1 - Azul,Tatuapé,335493,154273,1986011,8,7.5,7.9,20,41
2024-11-01,Linha 1 - Azul,Brooklin,268993,106631,1558227,4,5.6,7.7,19,33
2024-11-01,Linha 1 - Azul,Pinheiros,350428,153132,2058404,5,4.4,7.2,18,18
2024-11-01,Linha 1 - Azul,Santana,259135,124565,1544805,2,9.9,8.3,19,21
2024-11-01,Linha 1 - Azul,Liberdade,82953,44056,502877,1,5.1,7.2,18,21
2024-11-01,Linha 1 - Azul,Butantã,146289,69271,869987,7,6.5,6.9,20,19
2024-11-01,Linha 2 - Verde,Estação Central,175577,79000,1035885,2,9.4,8.4,18,40
2024-11-01,Linha 2 - Verde,Praça da Sé,131369,57984,772813,3,7.2,6.8,20,40
2024-11-01,Linha 2 - Verde,Paulista,161932,78854,967368,0,0.6,7.1,18,30
2024-11-01,Linha 2 - Verde,Consolação,148558,61485,865760,1,11.2,6.7,19,24
2024-11-01,Linha 2 - Verde,Tatuapé,273867,140240,1649815,8,4.1,7.5,19,37
2024-11-01,Linha 2 - Verde,Brooklin,81274,44686,495742,6,2.7,7.7,18,22
2024-11-01,Linha 2 - Verde,Pinheiros,366984,182114,2199148,7,11.4,6.5,19,45
2024-11-01,Linha 2 - Verde,Santana,101496,47411,602302,6,5.0,6.0,18,24
2024-11-01,Linha 2 - Verde,Liberdade,74505,31579,435683,4,4.5,6.0,18,17
2024-11-01,Linha 2 - Verde,Butantã,219051,118170,1331595,3,8.7,8.3,18,23
2024-11-01,Linha 3 - Vermelha,Estação Central,175014,67502,1010074,2,4.2,7.7,18,31
2024-11-01,Linha 3 - Vermelha,Praça da Sé,214700,95423,1264346,7,6.3,6.9,20,45
2024-11-01,Linha 3 - Vermelha,Paulista,362268,174341,2160022,3,6.7,7.3,18,33
2024-11-01,Linha 3 - Vermelha,Consolação,161918,62327,934244,8,6.2,7.7,20,36
2024-11-01,Linha 3 - Vermelha,Tatuapé,241544,125067,1457854,0,2.4,6.6,18,44
2024-11-01,Linha 3 - Vermelha,Brooklin,239099,131600,1458695,2,11.3,7.5,18,23
2024-11-01,Linha 3 - Vermelha,Pinheiros,329930,158079,1965808,3,12.1,6.7,19,20
2024-11-01,Linha 3 - Vermelha,Santana,188483,82779,1107973,8,6.2,7.5,20,21
2024-11-01,Linha 3 - Vermelha,Liberdade,272780,131836,1627572,4,9.4,7.9,19,21
2024-11-01,Linha 3 - Vermelha,Butantã,361151,178720,2163195,4,8.8,7.7,20,20
2024-11-01,Linha 4 - Amarela,Estação Central,262599,117877,1548749,4,9.6,7.9,19,36
2024-11-01,Linha 4 - Amarela,Praça da Sé,282353,121775,1655315,5,8.9,6.8,19,23
2024-11-01,Linha 4 - Amarela,Paulista,369699,204856,2258207,6,7.8,7.2,18,44
2024-11-01,Linha 4 - Amarela,Consolação,384181,180228,2281361,1,11.6,6.9,20,36
2024-11-01,Linha 4 - Amarela,Tatuapé,293675,163984,1796343,8,6.1,7.9,18,17
2024-11-01,Linha 4 - Amarela,Brooklin,266220,123075,1577250,0,2.4,7.1,19,19
2024-11-01,Linha 4 - Amarela,Pinheiros,143572,61725,841310,6,3.4,6.6,19,16
2024-11-01,Linha 4 - Amarela,Santana,149442,63188,873586,0,2.4,7.4,19,43
2024-11-01,Linha 4 - Amarela,Liberdade,215448,73062,1223364,5,6.2,7.6,20,37
2024-11-01,Linha 4 - Amarela,Butantã,240547,93341,1389417,4,7.2,7.0,18,30
2024-11-01,Linha 5 - Lilás,Estação Central,236287,121449,1424333,2,10.7,7.1,18,30
2024-11-01,Linha 5 - Lilás,Praça da Sé,229801,118664,1386333,2,9.2,8.2,18,19
2024-11-01,Linha 5 - Lilás,Paulista,337178,127480,1940850,1,10.4,6.8,20,29
2024-11-01,Linha 5 - Lilás,Consolação,222531,104542,1321739,4,10.1,7.3,20,24
2024-11-01,Linha 5 - Lilás,Tatuapé,322500,133835,1880170,8,9.8,6.2,18,38
2024-11-01,Linha 5 - Lilás,Brooklin,65817,25811,380707,6,10.3,6.9,20,44
2024-11-01,Linha 5 - Lilás,Pinheiros,198977,83189,1161263,1,9.6,6.6,18,45
2024-11-01,Linha 5 - Lilás,Santana,376605,207422,2297869,3,10.5,7.8,20,38
2024-11-01,Linha 5 - Lilás,Liberdade,224235,79437,1280049,2,5.2,6.6,18,31
2024-11-01,Linha 5 - Lilás,Butantã,77365,34157,455139,4,6.2,6.9,20,27
2024-12-01,Linha 1 - Azul,Estação Central,121612,59759,727578,2,3.9,7.8,18,27
2024-12-01,Linha 1 - Azul,Praça da Sé,201765,94518,1197861,1,7.6,6.9,19,37
2024-12-01,Linha 1 - Azul,Paulista,121675,48084,704543,3,9.9,7.2,18,24
2024-12-01,Linha 1 - Azul,Consolação,189160,88807,1123414,6,8.9,6.4,19,19
2024-12-01,Linha 1 - Azul,Tatuapé,174257,61958,995201,0,6.6,6.6,18,38
2024-12-01,Linha 1 - Azul,Brooklin,365880,169386,2168172,6,3.8,7.5,18,33
2024-12-01,Linha 1 - Azul,Pinheiros,174965,84160,1043145,3,11.2,7.7,19,31
2024-12-01,Linha 1 - Azul,Santana,278967,111149,1617133,5,2.7,7.7,19,32
2024-12-01,Linha 1 - Azul,Liberdade,313227,175643,1917421,0,4.3,6.8,20,45
2024-12-01,Linha 1 - Azul,Butantã,284416,161418,1744916,1,7.2,7.0,19,43
2024-12-01,Linha 2 - Verde,Estação Central,228424,101860,1345840,1,6.2,8.2,19,23
2024-12-01,Linha 2 - Verde,Praça da Sé,310051,147116,1844487,6,8.1,7.6,18,32
2024-12-01,Linha 2 - Verde,Paulista,132340,61508,784716,4,5.0,6.6,19,22
2024-12-01,Linha 2 - Verde,Consolação,78443,40436,473087,6,7.9,7.9,19,40
2024-12-01,Linha 2 - Verde,Tatuapé,192189,81460,1123865,1,5.7,6.7,20,35
2024-12-01,Linha 2 - Verde,Brooklin,98473,49207,590779,6,3.8,6.6,19,42
2024-12-01,Linha 2 - Verde,Pinheiros,207313,107500,1251565,1,8.4,7.4,20,27
2024-12-01,Linha 2 - Verde,Santana,327018,187628,2010346,7,8.4,6.5,20,15
2024-12-01,Linha 2 - Verde,Liberdade,114912,53460,681480,2,9.8,8.4,18,41
2024-12-01,Linha 2 - Verde,Butantã,286274,118835,1669040,4,7.3,6.8,18,18
2024-12-01,Linha 3 - Vermelha,Estação Central,217513,99377,1286319,6,8.8,6.6,20,23
2024-12-01,Linha 3 - Vermelha,Praça da Sé,139539,58869,815433,4,10.8,7.7,18,36
2024-12-01,Linha 3 - Vermelha,Paulista,213703,83322,1235159,4,10.2,6.7,19,45
2024-12-01,Linha 3 - Vermelha,Consolação,335715,158774,1996123,7,9.9,6.4,19,37
2024-12-01,Linha 3 - Vermelha,Tatuapé,222453,104958,1322181,7,7.2,7.3,19,17
2024-12-01,Linha 3 - Vermelha,Brooklin,132949,50651,766047,3,10.9,8.2,19,21
2024-12-01,Linha 3 - Vermelha,Pinheiros,288863,118334,1680983,4,8.9,7.6,20,29
2024-12-01,Linha 3 - Vermelha,Santana,199952,98460,1196680,6,10.2,6.7,19,18
2024-12-01,Linha 3 - Vermelha,Liberdade,261035,94746,1494667,7,3.9,6.7,19,18
2024-12-01,Linha 3 - Vermelha,Butantã,285096,136856,1699192,7,9.0,7.5,19,25
2024-12-01,Linha 4 - Amarela,Estação Central,226579,108275,1349445,4,2.6,7.6,18,16
2024-12-01,Linha 4 - Amarela,Praça da Sé,244323,116793,1455201,2,8.2,7.4,19,20
2024-12-01,Linha 4 - Amarela,Paulista,346119,168852,2068299,8,9.4,7.4,18,40
2024-12-01,Linha 4 - Amarela,Consolação,319240,184105,1964410,7,8.9,6.4,18,24
2024-12-01,Linha 4 - Amarela,Tatuapé,128844,60431,765082,1,9.2,8.0,19,32
2024-12-01,Linha 4 - Amarela,Brooklin,306490,119354,1771158,7,6.3,6.2,18,35
2024-12-01,Linha 4 - Amarela,Pinheiros,175352,76486,1029732,0,4.9,6.6,20,21
2024-12-01,Linha 4 - Amarela,Santana,403111,185998,2387551,4,6.9,7.4,19,23
2024-12-01,Linha 4 - Amarela,Liberdade,178152,97560,1085880,5,7.6,6.1,19,26
2024-12-01,Linha 4 - Amarela,Butantã,351160,161983,2079766,3,5.2,6.6,20,35
2024-12-01,Linha 5 - Lilás,Estação Central,256853,111586,1507437,5,5.8,7.2,20,16
2024-12-01,Linha 5 - Lilás,Praça da Sé,75120,38516,452632,5,8.4,7.4,19,24
2024-12-01,Linha 5 - Lilás,Paulista,261859,118997,1547289,0,5.3,6.7,18,21
2024-12-01,Linha 5 - Lilás,Consolação,362213,149799,2110663,6,10.8,8.0,18,17
2024-12-01,Linha 5 - Lilás,Tatuapé,379991,160001,2219957,6,11.9,6.8,18,45
2024-12-01,Linha 5 - Lilás,Brooklin,308226,155110,1851350,8,7.1,6.2,18,17
2024-12-01,Linha 5 - Lilás,Pinheiros,212111,84348,1229251,0,5.6,7.0,20,22
2024-12-01,Linha 5 - Lilás,Santana,358172,159650,2110160,8,9.8,6.0,18,28
2024-12-01,Linha 5 - Lilás,Liberdade,288392,137884,1717728,1,6.6,8.2,18,20
2024-12-01,Linha 5 - Lilás,Butantã,354344,177291,2126302,0,6.9,7.6,20,15
2025-01-01,Linha 1 - Azul,Estação Central,103507,59352,636239,5,7.7,6.0,18,34
2025-01-01,Linha 1 - Azul,Praça da Sé,247991,122657,1485269,4,3.4,7.1,18,39
2025-01-01,Linha 1 - Azul,Paulista,322539,138896,1890487,4,7.4,7.4,19,33
2025-01-01,Linha 1 - Azul,Consolação,321724,162192,1933004,4,10.4,6.6,19,41
2025-01-01,Linha 1 - Azul,Tatuapé,186031,100279,1130713,1,7.4,8.2,18,20
2025-01-01,Linha 1 - Azul,Brooklin,147799,58519,856033,5,12.2,6.0,20,30
2025-01-01,Linha 1 - Azul,Pinheiros,333152,128426,1922612,3,3.8,6.8,20,37
2025-01-01,Linha 1 - Azul,Santana,72868,30224,424788,6,10.0,7.3,19,36
2025-01-01,Linha 1 - Azul,Liberdade,94960,43916,562632,8,9.6,7.1,18,23
2025-01-01,Linha 1 - Azul,Butantã,186014,69916,1069902,7,7.0,7.7,18,15
2025-01-01,Linha 2 - Verde,Estação Central,145702,86731,901972,1,5.1,8.4,19,20
2025-01-01,Linha 2 - Verde,Praça da Sé,215506,87453,1252436,8,7.7,6.9,19,44
2025-01-01,Linha 2 - Verde,Paulista,120216,49909,700898,8,4.8,6.8,18,45
2025-01-01,Linha 2 - Verde,Consolação,354548,138630,2050000,1,8.9,8.4,20,34
2025-01-01,Linha 2 - Verde,Tatuapé,290955,111296,1677367,4,8.3,7.2,19,15
2025-01-01,Linha 2 - Verde,Brooklin,324351,138904,1899563,1,7.1,8.2,18,19
2025-01-01,Linha 2 - Verde,Pinheiros,89184,38142,522204,6,5.8,7.4,18,32
2025-01-01,Linha 2 - Verde,Santana,135529,61037,799719,5,6.5,7.6,19,22
2025-01-01,Linha 2 - Verde,Liberdade,132794,64588,793146,7,7.0,6.3,19,17
2025-01-01,Linha 2 - Verde,Butantã,223829,111691,1342527,0,0.9,7.6,19,45
2025-01-01,Linha 3 - Vermelha,Estação Central,216039,110490,1301175,1,5.4,6.9,19,29
2025-01-01,Linha 3 - Vermelha,Praça da Sé,336991,197565,2080085,2,11.2,8.3,19,29
2025-01-01,Linha 3 - Vermelha,Paulista,89370,38219,523288,5,4.6,7.2,20,20
2025-01-01,Linha 3 - Vermelha,Consolação,359758,175270,2149330,2,9.7,7.7,20,33
2025-01-01,Linha 3 - Vermelha,Tatuapé,408921,182652,2409909,1,9.3,8.3,19,19
2025-01-01,Linha 3 - Vermelha,Brooklin,345355,207750,2142275,7,9.8,6.1,19,30
2025-01-01,Linha 3 - Vermelha,Pinheiros,94276,47915,567210,2,2.8,8.1,19,17
2025-01-01,Linha 3 - Vermelha,Santana,82353,34772,481309,1,5.3,6.5,18,15
2025-01-01,Linha 3 - Vermelha,Liberdade,343982,175423,2070756,1,4.2,7.1,20,22
2025-01-01,Linha 3 - Vermelha,Butantã,262869,132504,1579353,1,9.1,8.1,18,36
2025-01-01,Linha 4 - Amarela,Estação Central,92004,41040,542100,2,6.6,7.0,18,33
2025-01-01,Linha 4 - Amarela,Praça da Sé,206752,104452,1242664,7,9.0,7.6,18,21
2025-01-01,Linha 4 - Amarela,Paulista,409975,191095,2432065,4,5.3,6.3,19,31
2025-01-01,Linha 4 - Amarela,Consolação,335144,176999,2029718,0,3.9,8.0,20,38
2025-01-01,Linha 4 - Amarela,Tatuapé,226549,93256,1319257,7,9.7,7.8,19,31
2025-01-01,Linha 4 - Amarela,Brooklin,323071,145371,1906097,1,8.8,6.9,18,22
2025-01-01,Linha 4 - Amarela,Pinheiros,114479,48495,669385,4,8.4,6.5,20,18
2025-01-01,Linha 4 - Amarela,Santana,341513,139729,1987023,2,4.4,7.8,18,26
2025-01-01,Linha 4 - Amarela,Liberdade,313068,143239,1851818,5,9.3,7.6,20,34
2025-01-01,Linha 4 - Amarela,Butantã,119996,45386,690752,1,11.1,8.5,19,32
2025-01-01,Linha 5 - Lilás,Estação Central,166768,75926,985692,6,10.7,6.6,20,38
2025-01-01,Linha 5 - Lilás,Praça da Sé,225727,113600,1355835,5,11.8,6.5,19,22
2025-01-01,Linha 5 - Lilás,Paulista,388259,213658,2368611,1,10.0,8.0,19,21
2025-01-01,Linha 5 - Lilás,Consolação,104189,50833,622611,1,12.2,6.5,19,19
2025-01-01,Linha 5 - Lilás,Tatuapé,113772,48346,665552,7,11.3,6.5,18,17
2025-01-01,Linha 5 - Lilás,Brooklin,210283,80134,1211683,5,3.5,7.4,18,37
2025-01-01,Linha 5 - Lilás,Pinheiros,248028,103719,1447578,4,6.5,7.8,19,24
2025-01-01,Linha 5 - Lilás,Santana,353766,140299,2049428,0,7.6,7.3,18,42
2025-01-01,Linha 5 - Lilás,Liberdade,368681,125866,2095137,7,11.2,7.3,19,20
2025-01-01,Linha 5 - Lilás,Butantã,162295,91863,995201,7,4.8,6.2,20,40
2025-02-01,Linha 1 - Azul,Estação Central,176813,76245,1036555,3,3.8,7.9,19,21
2025-02-01,Linha 1 - Azul,Praça da Sé,182139,85646,1081987,3,4.8,6.8,20,34
2025-02-01,Linha 1 - Azul,Paulista,411544,198822,2455364,5,10.1,7.8,18,22
2025-02-01,Linha 1 - Azul,Consolação,95720,47961,574522,5,4.3,7.8,19,28
2025-02-01,Linha 1 - Azul,Tatuapé,243719,112308,1443211,6,8.8,7.2,20,44
2025-02-01,Linha 1 - Azul,Brooklin,248931,106993,1458641,2,7.3,8.0,19,42
2025-02-01,Linha 1 - Azul,Pinheiros,106189,49946,630837,4,11.0,6.3,20,34
2025-02-01,Linha 1 - Azul,Santana,202280,88463,1188326,5,5.5,6.7,18,31
2025-02-01,Linha 1 - Azul,Liberdade,139065,62591,820507,4,10.7,7.0,20,26
2025-02-01,Linha 1 - Azul,Butantã,287331,158216,1753087,0,4.1,7.3,20,33
2025-02-01,Linha 2 - Verde,Estação Central,300445,135209,1772643,2,5.9,7.5,20,45
2025-02-01,Linha 2 - Verde,Praça da Sé,229732,98212,1345084,8,3.5,7.0,20,38
2025-02-01,Linha 2 - Verde,Paulista,135364,69783,816386,0,6.5,7.9,19,35
2025-02-01,Linha 2 - Verde,Consolação,276355,152073,1685921,2,8.3,7.8,19,38
2025-02-01,Linha 2 - Verde,Tatuapé,74360,42319,456438,1,9.8,7.7,20,44
2025-02-01,Linha 2 - Verde,Brooklin,371645,195280,2248785,6,11.9,7.4,20,25
2025-02-01,Linha 2 - Verde,Pinheiros,390475,198916,2350207,5,5.1,7.5,18,24
2025-02-01,Linha 2 - Verde,Santana,284150,130663,1682076,5,10.0,6.1,20,24
2025-02-01,Linha 2 - Verde,Liberdade,262984,112239,1539398,6,4.9,6.4,19,28
2025-02-01,Linha 2 - Verde,Butantã,387378,146610,2230110,3,11.3,7.3,18,45
2025-02-01,Linha 3 - Vermelha,Estação Central,367975,140442,2120759,2,8.1,8.2,20,33
2025-02-01,Linha 3 - Vermelha,Praça da Sé,267934,154249,1648168,1,5.0,8.2,18,22
2025-02-01,Linha 3 - Vermelha,Paulista,78968,31867,458574,0,0.7,6.8,18,26
2025-02-01,Linha 3 - Vermelha,Consolação,382327,143303,2198241,7,8.3,8.0,18,37
2025-02-01,Linha 3 - Vermelha,Tatuapé,174032,73890,1017940,3,5.7,6.6,20,45
2025-02-01,Linha 3 - Vermelha,Brooklin,214270,101445,1274240,5,6.0,7.5,19,40
2025-02-01,Linha 3 - Vermelha,Pinheiros,381422,153616,2214342,2,6.6,7.7,19,21
2025-02-01,Linha 3 - Vermelha,Santana,141225,55515,817155,3,4.5,8.0,20,27
2025-02-01,Linha 3 - Vermelha,Liberdade,367870,141064,2121478,2,10.5,7.2,18,44
2025-02-01,Linha 3 - Vermelha,Butantã,110728,55898,665436,1,2.1,7.7,18,19
2025-02-01,Linha 4 - Amarela,Estação Central,256992,100471,1485902,8,8.0,6.2,18,24
2025-02-01,Linha 4 - Amarela,Praça da Sé,190704,102622,1158764,3,7.8,7.4,20,22
2025-02-01,Linha 4 - Amarela,Paulista,292225,114762,1690649,7,3.3,7.4,18,42
2025-02-01,Linha 4 - Amarela,Consolação,169269,72874,992093,2,10.1,6.8,19,29
2025-02-01,Linha 4 - Amarela,Tatuapé,352573,143222,2049309,0,2.5,7.7,20,15
2025-02-01,Linha 4 - Amarela,Brooklin,284629,140669,1704483,2,8.0,7.3,18,26
2025-02-01,Linha 4 - Amarela,Pinheiros,95467,46731,570797,5,9.5,7.2,19,45
2025-02-01,Linha 4 - Amarela,Santana,262400,123498,1558996,5,7.6,6.9,19,23
2025-02-01,Linha 4 - Amarela,Liberdade,280065,154861,1710047,6,11.7,7.5,19,26
2025-02-01,Linha 4 - Amarela,Butantã,187872,101265,1141890,1,4.4,6.8,18,39
2025-02-01,Linha 5 - Lilás,Estação Central,292343,121782,1705279,0,0.2,8.3,18,26
2025-02-01,Linha 5 - Lilás,Praça da Sé,73477,29470,426325,4,5.0,6.3,19,19
2025-02-01,Linha 5 - Lilás,Paulista,309049,157821,1860887,3,5.1,7.0,18,24
2025-02-01,Linha 5 - Lilás,Consolação,395460,177526,2332352,8,7.9,7.3,19,21
2025-02-01,Linha 5 - Lilás,Tatuapé,150688,81919,917278,7,4.4,6.3,18,25
2025-02-01,Linha 5 - Lilás,Brooklin,214353,95153,1262071,1,7.4,7.5,20,44
2025-02-01,Linha 5 - Lilás,Pinheiros,359944,144120,2087960,5,4.9,7.8,18,40
2025-02-01,Linha 5 - Lilás,Santana,167378,87663,1012216,5,7.1,6.2,18,28
2025-02-01,Linha 5 - Lilás,Liberdade,347734,157876,2054422,7,4.3,6.3,20,31
2025-02-01,Linha 5 - Lilás,Butantã,167178,73351,982592,0,2.1,7.4,18,44
2025-03-01,Linha 1 - Azul,Estação Central,370579,195197,2243289,5,9.2,7.5,20,27
2025-03-01,Linha 1 - Azul,Praça da Sé,246159,134684,1500163,5,6.7,7.4,19,45
2025-03-01,Linha 1 - Azul,Paulista,203160,86914,1189628,0,1.6,8.2,19,31
2025-03-01,Linha 1 - Azul,Consolação,157769,70738,930321,5,7.8,7.8,20,27
2025-03-01,Linha 1 - Azul,Tatuapé,172710,68827,1001204,4,10.5,6.9,20,32
2025-03-01,Linha 1 - Azul,Brooklin,202276,82142,1175664,3,2.7,8.3,20,22
2025-03-01,Linha 1 - Azul,Pinheiros,153095,59671,884817,7,5.6,6.7,18,18
2025-03-01,Linha 1 - Azul,Santana,358884,200139,2194698,5,8.3,6.0,18,27
2025-03-01,Linha 1 - Azul,Liberdade,236590,94083,1371116,1,5.1,6.7,20,31
2025-03-01,Linha 1 - Azul,Butantã,81059,41348,487991,4,5.8,6.8,19,35
2025-03-01,Linha 2 - Verde,Estação Central,247452,126991,1491242,6,9.9,7.7,20,18
2025-03-01,Linha 2 - Verde,Praça da Sé,201390,78304,1163558,5,12.2,7.0,20,16
2025-03-01,Linha 2 - Verde,Paulista,149579,74954,897803,3,4.2,7.3,18,34
2025-03-01,Linha 2 - Verde,Consolação,305884,113767,1756954,2,9.4,7.9,18,36
2025-03-01,Linha 2 - Verde,Tatuapé,74401,36241,444487,3,12.4,8.4,18,43
2025-03-01,Linha 2 - Verde,Brooklin,83291,38684,493823,8,8.9,7.2,20,37
2025-03-01,Linha 2 - Verde,Pinheiros,204421,109203,1240511,0,3.3,7.9,19,45
2025-03-01,Linha 2 - Verde,Santana,211888,97887,1255214,3,10.8,8.1,18,34
2025-03-01,Linha 2 - Verde,Liberdade,235711,133803,1446161,1,8.3,7.8,20,38
2025-03-01,Linha 2 - Verde,Butantã,73908,43123,455786,0,1.6,7.2,20,22
2025-03-01,Linha 3 - Vermelha,Estação Central,156263,77545,936405,8,8.8,6.5,19,22
2025-03-01,Linha 3 - Vermelha,Praça da Sé,257137,109137,1503959,7,6.5,6.4,18,41
2025-03-01,Linha 3 - Vermelha,Paulista,364093,155120,2130705,5,7.1,7.0,18,16
2025-03-01,Linha 3 - Vermelha,Consolação,126127,55313,741261,2,11.1,6.5,19,36
2025-03-01,Linha 3 - Vermelha,Tatuapé,270408,130847,1613734,0,3.9,8.2,20,26
2025-03-01,Linha 3 - Vermelha,Brooklin,181814,76432,1061934,0,5.0,7.2,18,41
2025-03-01,Linha 3 - Vermelha,Pinheiros,331303,138851,1934217,6,3.2,7.9,19,19
2025-03-01,Linha 3 - Vermelha,Santana,159376,73835,944550,7,2.8,7.5,20,17
2025-03-01,Linha 3 - Vermelha,Liberdade,85428,35627,498394,2,5.9,7.8,18,21
2025-03-01,Linha 3 - Vermelha,Butantã,367337,182073,2200831,4,11.8,7.7,19,23
2025-03-01,Linha 4 - Amarela,Estação Central,109707,51792,652119,3,7.7,6.7,18,15
2025-03-01,Linha 4 - Amarela,Praça da Sé,199032,85027,1165214,5,7.8,6.8,19,21
2025-03-01,Linha 4 - Amarela,Paulista,143277,65046,846477,8,7.0,7.2,18,44
2025-03-01,Linha 4 - Amarela,Consolação,68483,29477,401369,1,6.7,8.1,18,27
2025-03-01,Linha 4 - Amarela,Tatuapé,220274,78982,1259334,5,7.2,8.0,19,18
2025-03-01,Linha 4 - Amarela,Brooklin,90831,45332,544819,8,5.6,6.6,18,40
2025-03-01,Linha 4 - Amarela,Pinheiros,219351,123539,1343833,2,8.5,6.7,20,38
2025-03-01,Linha 4 - Amarela,Santana,351497,193841,2145167,8,10.8,7.4,18,28
2025-03-01,Linha 4 - Amarela,Liberdade,210743,87339,1228393,6,6.2,7.0,20,35
2025-03-01,Linha 4 - Amarela,Butantã,345943,153688,2037091,1,5.8,7.8,20,37
2025-03-01,Linha 5 - Lilás,Estação Central,316138,181631,1943952,4,7.5,6.2,19,15
2025-03-01,Linha 5 - Lilás,Praça da Sé,264413,141240,1604545,3,5.2,6.9,19,16
2025-03-01,Linha 5 - Lilás,Paulista,150561,65247,883299,4,10.9,7.7,20,19
2025-03-01,Linha 5 - Lilás,Consolação,213479,113019,1293433,3,12.1,7.1,19,43
2025-03-01,Linha 5 - Lilás,Tatuapé,144754,57783,839336,4,9.2,7.0,20,18
2025-03-01,Linha 5 - Lilás,Brooklin,137951,55782,801319,5,3.5,6.3,20,31
2025-03-01,Linha 5 - Lilás,Pinheiros,93906,49238,568006,5,6.8,7.9,19,40
2025-03-01,Linha 5 - Lilás,Santana,316969,139432,1863709,0,4.4,7.5,18,22
2025-03-01,Linha 5 - Lilás,Liberdade,109414,50559,648188,1,8.8,7.0,18,25
2025-03-01,Linha 5 - Lilás,Butantã,295777,153709,1786303,4,2.4,6.7,19,32
2025-04-01,Linha 1 - Azul,Estação Central,266592,150696,1634352,1,9.7,8.5,19,30
2025-04-01,Linha 1 - Azul,Praça da Sé,89178,33669,513228,8,3.1,6.2,18,29
2025-04-01,Linha 1 - Azul,Paulista,184723,78578,1080771,5,12.2,7.4,20,18
2025-04-01,Linha 1 - Azul,Consolação,380360,209396,2320592,3,7.4,6.5,19,41
2025-04-01,Linha 1 - Azul,Tatuapé,235925,104102,1387829,8,10.9,6.2,18,28
2025-04-01,Linha 1 - Azul,Brooklin,215359,108637,1294069,5,7.7,6.7,19,19
2025-04-01,Linha 1 - Azul,Pinheiros,335713,137892,1954349,1,8.2,8.0,19,42
2025-04-01,Linha 1 - Azul,Santana,92917,44343,553271,2,5.4,8.3,20,45
2025-04-01,Linha 1 - Azul,Liberdade,348765,141653,2027131,3,8.6,8.4,19,17
2025-04-01,Linha 1 - Azul,Butantã,187464,82888,1103096,1,3.1,7.6,18,15
2025-04-01,Linha 2 - Verde,Estação Central,233417,99343,1365771,0,4.8,7.8,18,15
2025-04-01,Linha 2 - Verde,Praça da Sé,363215,150803,2117681,6,9.4,7.4,20,34
2025-04-01,Linha 2 - Verde,Paulista,226854,114905,1364080,6,6.8,6.7,18,18
2025-04-01,Linha 2 - Verde,Consolação,274042,94994,1560198,8,8.9,6.9,19,37
2025-04-01,Linha 2 - Verde,Tatuapé,286958,103425,1641640,7,10.3,6.1,18,36
2025-04-01,Linha 2 - Verde,Brooklin,262405,117119,1546263,7,7.4,7.6,20,28
2025-04-01,Linha 2 - Verde,Pinheiros,236303,102645,1386805,8,9.0,8.0,20,26
2025-04-01,Linha 2 - Verde,Santana,229551,116406,1380567,1,7.5,8.2,20,17
2025-04-01,Linha 2 - Verde,Liberdade,284397,108839,1639663,8,6.8,7.6,20,32
2025-04-01,Linha 2 - Verde,Butantã,260273,124571,1550507,7,6.9,8.0,20,16
2025-04-01,Linha 3 - Vermelha,Estação Central,269713,99910,1548385,4,6.4,7.2,19,29
2025-04-01,Linha 3 - Vermelha,Praça da Sé,266373,157794,1647453,5,3.4,6.6,18,39
2025-04-01,Linha 3 - Vermelha,Paulista,301087,126814,1759063,6,9.2,7.1,19,33
2025-04-01,Linha 3 - Vermelha,Consolação,267220,106683,1549466,3,8.9,8.1,19,29
2025-04-01,Linha 3 - Vermelha,Tatuapé,65876,32407,394194,4,7.5,6.7,19,43
2025-04-01,Linha 3 - Vermelha,Brooklin,304467,112283,1746901,8,10.1,7.5,20,45
2025-04-01,Linha 3 - Vermelha,Pinheiros,117643,60632,709479,4,7.6,7.5,19,15
2025-04-01,Linha 3 - Vermelha,Santana,255128,129827,1535294,2,8.1,8.0,18,19
2025-04-01,Linha 3 - Vermelha,Liberdade,194454,87283,1146836,5,5.8,6.4,18,38
2025-04-01,Linha 3 - Vermelha,Butantã,260246,112254,1525738,2,5.4,7.9,18,28
2025-04-01,Linha 4 - Amarela,Estação Central,198776,109809,1213498,0,4.6,7.2,18,45
2025-04-01,Linha 4 - Amarela,Praça da Sé,66972,30302,395464,3,6.9,7.4,20,43
2025-04-01,Linha 4 - Amarela,Paulista,93387,43796,554527,8,9.4,6.4,18,33
2025-04-01,Linha 4 - Amarela,Consolação,154226,81033,933196,0,4.6,7.1,19,30
2025-04-01,Linha 4 - Amarela,Tatuapé,117706,45642,679814,1,10.8,8.3,18,29
2025-04-01,Linha 4 - Amarela,Brooklin,308411,154735,1851525,0,6.0,6.6,19,19
2025-04-01,Linha 4 - Amarela,Pinheiros,61153,33014,371793,8,4.0,7.1,19,33
2025-04-01,Linha 4 - Amarela,Santana,405788,173718,2376376,8,5.6,7.9,18,25
2025-04-01,Linha 4 - Amarela,Liberdade,273085,148185,1661795,2,4.6,8.5,18,34
2025-04-01,Linha 4 - Amarela,Butantã,245712,103025,1434610,0,8.0,8.3,19,35
2025-04-01,Linha 5 - Lilás,Estação Central,339032,133695,1962550,2,7.0,8.5,20,23
2025-04-01,Linha 5 - Lilás,Praça da Sé,115026,59356,693842,8,9.0,6.4,18,45
2025-04-01,Linha 5 - Lilás,Paulista,228743,128540,1400795,3,6.6,6.6,20,40
2025-04-01,Linha 5 - Lilás,Consolação,259865,134407,1568139,5,4.6,7.5,20,19
2025-04-01,Linha 5 - Lilás,Tatuapé,379591,165450,2228855,8,6.3,7.6,20,18
2025-04-01,Linha 5 - Lilás,Brooklin,292366,112703,1687236,8,9.5,7.4,19,23
2025-04-01,Linha 5 - Lilás,Pinheiros,270431,100719,1553593,2,8.2,8.1,18,41
2025-04-01,Linha 5 - Lilás,Santana,161451,79587,966429,7,10.1,6.2,20,40
2025-04-01,Linha 5 - Lilás,Liberdade,220864,101532,1307384,8,11.1,7.1,19,28
2025-04-01,Linha 5 - Lilás,Butantã,307611,133161,1804377,5,4.6,6.1,18,20
2025-05-01,Linha 1 - Azul,Estação Central,347030,168614,2072378,1,4.9,8.2,18,29
2025-05-01,Linha 1 - Azul,Praça da Sé,187489,77726,1092897,6,9.8,7.2,20,20
2025-05-01,Linha 1 - Azul,Paulista,94094,40452,551374,2,4.4,8.0,18,40
2025-05-01,Linha 1 - Azul,Consolação,156516,64359,911298,2,5.5,7.1,20,43
2025-05-01,Linha 1 - Azul,Tatuapé,149762,71942,892694,6,8.5,7.7,20,40
2025-05-01,Linha 1 - Azul,Brooklin,208971,99590,1244035,7,7.2,6.3,19,44
2025-05-01,Linha 1 - Azul,Pinheiros,307252,152408,1841076,3,10.6,6.6,18,28
2025-05-01,Linha 1 - Azul,Santana,342551,157643,2028041,2,8.3,6.5,20,26
2025-05-01,Linha 1 - Azul,Liberdade,207677,110018,1258421,6,5.7,7.4,20,17
2025-05-01,Linha 1 - Azul,Butantã,140864,58553,821426,4,9.5,6.0,18,45
2025-05-01,Linha 2 - Verde,Estação Central,220835,111381,1326937,2,2.3,8.2,20,40
2025-05-01,Linha 2 - Verde,Praça da Sé,150350,59470,870690,7,10.2,6.2,18,24
2025-05-01,Linha 2 - Verde,Paulista,211254,114151,1284572,4,7.0,7.3,18,25
2025-05-01,Linha 2 - Verde,Consolação,298607,156853,1806741,1,9.2,7.3,18,23
2025-05-01,Linha 2 - Verde,Tatuapé,354831,193280,2160715,5,4.9,7.6,20,23
2025-05-01,Linha 2 - Verde,Brooklin,355243,166231,2108677,5,6.5,6.9,20,30
2025-05-01,Linha 2 - Verde,Pinheiros,97872,34717,558794,1,10.6,6.8,18,26
2025-05-01,Linha 2 - Verde,Santana,417698,166767,2422024,7,7.7,7.2,19,29
2025-05-01,Linha 2 - Verde,Liberdade,183281,81819,1080043,6,6.5,7.0,19,45
2025-05-01,Linha 2 - Verde,Butantã,272149,106940,1574625,8,11.6,6.2,20,45
2025-05-01,Linha 3 - Vermelha,Estação Central,172945,65293,995311,4,4.6,7.6,20,23
2025-05-01,Linha 3 - Vermelha,Praça da Sé,308827,158699,1861533,4,6.2,7.4,18,24
2025-05-01,Linha 3 - Vermelha,Paulista,184731,74824,1073303,8,9.7,6.4,18,25
2025-05-01,Linha 3 - Vermelha,Consolação,352365,179750,2121325,8,7.2,6.4,19,33
2025-05-01,Linha 3 - Vermelha,Tatuapé,81533,41606,490877,8,7.0,7.8,20,29
2025-05-01,Linha 3 - Vermelha,Brooklin,274684,98315,1570050,7,4.5,8.0,18,32
2025-05-01,Linha 3 - Vermelha,Pinheiros,81814,30762,470594,5,10.1,6.1,19,23
2025-05-01,Linha 3 - Vermelha,Santana,407153,145333,2326431,6,4.5,8.0,20,43
2025-05-01,Linha 3 - Vermelha,Liberdade,155844,83941,947102,0,4.5,7.8,20,25
2025-05-01,Linha 3 - Vermelha,Butantã,71716,36371,431322,1,10.6,6.8,19,25
2025-05-01,Linha 4 - Amarela,Estação Central,380766,178371,2260572,5,4.2,7.1,20,37
2025-05-01,Linha 4 - Amarela,Praça da Sé,198051,94810,1179875,5,6.1,7.8,18,32
2025-05-01,Linha 4 - Amarela,Paulista,87017,43051,521187,0,4.4,6.9,20,22
2025-05-01,Linha 4 - Amarela,Consolação,121027,47344,699823,3,9.8,7.3,20,37
2025-05-01,Linha 4 - Amarela,Tatuapé,256084,131952,1544324,1,5.6,7.8,20,18
2025-05-01,Linha 4 - Amarela,Brooklin,331367,192004,2040843,4,6.8,7.8,18,27
2025-05-01,Linha 4 - Amarela,Pinheiros,96393,43052,568069,0,3.0,6.8,20,41
2025-05-01,Linha 4 - Amarela,Santana,350418,141163,2034416,3,8.8,7.2,19,22
2025-05-01,Linha 4 - Amarela,Liberdade,89269,36954,520253,1,11.2,6.9,20,43
2025-05-01,Linha 4 - Amarela,Butantã,335195,145164,1966303,6,7.6,6.8,18,45
2025-05-01,Linha 5 - Lilás,Estação Central,144888,69200,862840,2,4.6,6.7,19,15
2025-05-01,Linha 5 - Lilás,Praça da Sé,317500,124628,1836756,4,3.3,6.8,19,37
2025-05-01,Linha 5 - Lilás,Paulista,242128,119721,1450082,4,6.9,7.9,19,44
2025-05-01,Linha 5 - Lilás,Consolação,77889,36462,462369,1,9.4,8.3,18,21
2025-05-01,Linha 5 - Lilás,Tatuapé,286087,135176,1700787,4,5.8,6.1,18,36
2025-05-01,Linha 5 - Lilás,Brooklin,65411,28672,384399,5,5.7,7.1,20,38
2025-05-01,Linha 5 - Lilás,Pinheiros,146549,69136,871017,6,6.6,6.2,19,39
2025-05-01,Linha 5 - Lilás,Santana,241955,89674,1389123,5,8.6,6.0,20,34
2025-05-01,Linha 5 - Lilás,Liberdade,85750,33803,496356,4,8.3,7.9,18,27
2025-05-01,Linha 5 - Lilás,Butantã,206159,85132,1201059,3,10.1,8.0,20,31
2025-06-01,Linha 1 - Azul,Estação Central,190006,94024,1138078,7,6.3,6.7,18,20
2025-06-01,Linha 1 - Azul,Praça da Sé,89482,49133,545676,5,9.0,7.2,20,22
2025-06-01,Linha 1 - Azul,Paulista,246793,138752,1511469,2,8.4,7.5,20,43
2025-06-01,Linha 1 - Azul,Consolação,221058,103838,1312966,6,9.4,6.7,18,24
2025-06-01,Linha 1 - Azul,Tatuapé,77914,40881,471332,4,5.8,6.6,19,32
2025-06-01,Linha 1 - Azul,Brooklin,86401,39613,511231,8,5.8,8.0,18,23
2025-06-01,Linha 1 - Azul,Pinheiros,377504,194598,2276716,3,9.4,8.3,20,24
2025-06-01,Linha 1 - Azul,Santana,145494,57417,842304,3,10.9,7.8,19,15
2025-06-01,Linha 1 - Azul,Liberdade,206535,105304,1243283,3,5.1,7.6,20,19
2025-06-01,Linha 1 - Azul,Butantã,253645,142675,1553575,8,6.9,7.4,19,40
2025-06-01,Linha 2 - Verde,Estação Central,184630,92837,1108824,0,5.3,8.2,20,35
2025-06-01,Linha 2 - Verde,Praça da Sé,380662,156204,2215718,6,5.3,6.7,20,43
2025-06-01,Linha 2 - Verde,Paulista,185398,66672,1060334,2,6.3,7.7,19,31
2025-06-01,Linha 2 - Verde,Consolação,383387,137348,2191631,7,8.9,6.2,18,45
2025-06-01,Linha 2 - Verde,Tatuapé,259808,142650,1584340,4,9.0,6.2,19,36
2025-06-01,Linha 2 - Verde,Brooklin,215523,103198,1284011,1,12.6,7.6,18,38
2025-06-01,Linha 2 - Verde,Pinheiros,303351,136832,1790419,0,7.7,7.6,18,36
2025-06-01,Linha 2 - Verde,Santana,281822,103857,1616824,2,9.2,7.2,20,31
2025-06-01,Linha 2 - Verde,Liberdade,158811,82378,958811,2,11.7,8.4,20,42
2025-06-01,Linha 2 - Verde,Butantã,71400,32174,421348,1,12.0,8.5,20,33
2025-06-01,Linha 3 - Vermelha,Estação Central,177219,74749,1035593,7,9.9,7.8,19,40
2025-06-01,Linha 3 - Vermelha,Praça da Sé,234739,118039,1409773,3,4.5,7.3,19,15
2025-06-01,Linha 3 - Vermelha,Paulista,166889,84163,1002771,3,10.1,8.2,18,26
2025-06-01,Linha 3 - Vermelha,Consolação,70917,33686,421957,1,5.9,8.0,18,42
2025-06-01,Linha 3 - Vermelha,Tatuapé,191000,97765,1150530,7,8.0,8.0,20,40
2025-06-01,Linha 3 - Vermelha,Brooklin,392611,176870,2316795,6,8.7,7.3,19,16
2025-06-01,Linha 3 - Vermelha,Pinheiros,184506,89896,1102322,2,9.9,7.0,20,36
2025-06-01,Linha 3 - Vermelha,Santana,278557,129130,1651045,5,7.4,7.6,20,19
2025-06-01,Linha 3 - Vermelha,Liberdade,270011,140632,1631319,2,8.4,7.2,19,32
2025-06-01,Linha 3 - Vermelha,Butantã,328338,145536,1932762,4,9.7,6.3,20,31
2025-06-01,Linha 4 - Amarela,Estação Central,337377,169019,2024923,1,8.1,6.9,20,33
2025-06-01,Linha 4 - Amarela,Praça da Sé,199936,83867,1167414,5,8.9,7.4,20,28
2025-06-01,Linha 4 - Amarela,Paulista,301183,130066,1766047,0,3.5,7.8,20,42
2025-06-01,Linha 4 - Amarela,Consolação,306175,174154,1879183,7,5.3,7.6,19,35
2025-06-01,Linha 4 - Amarela,Tatuapé,321499,183330,1974155,2,6.1,6.6,19,23
2025-06-01,Linha 4 - Amarela,Brooklin,340098,147514,1995518,7,6.6,6.6,18,21
2025-06-01,Linha 4 - Amarela,Pinheiros,201622,112423,1232956,8,8.0,6.9,20,31
2025-06-01,Linha 4 - Amarela,Santana,234482,108910,1390230,5,7.0,7.9,19,22
2025-06-01,Linha 4 - Amarela,Liberdade,297452,157934,1803128,6,5.2,6.7,20,35
2025-06-01,Linha 4 - Amarela,Butantã,219919,88135,1275865,2,9.3,7.4,18,43
2025-06-01,Linha 5 - Lilás,Estação Central,151677,84268,926921,8,8.9,7.9,19,15
2025-06-01,Linha 5 - Lilás,Praça da Sé,332817,135504,1935093,1,6.4,7.7,20,29
2025-06-01,Linha 5 - Lilás,Paulista,147989,80318,900581,0,0.4,7.7,19,45
2025-06-01,Linha 5 - Lilás,Consolação,319104,109868,1815256,7,3.1,7.3,19,22
2025-06-01,Linha 5 - Lilás,Tatuapé,323245,150690,1917605,1,10.7,7.1,18,41
2025-06-01,Linha 5 - Lilás,Brooklin,347342,136737,2010184,2,8.5,8.4,18,16
2025-06-01,Linha 5 - Lilás,Pinheiros,100830,39509,583168,3,12.1,8.3,18,34
2025-06-01,Linha 5 - Lilás,Santana,173110,70674,1006898,6,6.7,7.3,18,26
2025-06-01,Linha 5 - Lilás,Liberdade,313674,180516,1929402,3,8.5,7.0,20,33
2025-06-01,Linha 5 - Lilás,Butantã,189340,107957,1162614,7,11.8,7.6,19,42
